BEGIN TRANSACTION;
CREATE TABLE IF NOT EXISTS "utente" (
	"id_utente"	INTEGER NOT NULL,
	"first_name"	VARCHAR(50) NOT NULL,
	"last_name"	VARCHAR(50) NOT NULL,
	"phone_number"	VARCHAR(20) NOT NULL,
	"email"	VARCHAR(100) NOT NULL,
	"password"	VARCHAR(255) NOT NULL,
	"city"	VARCHAR(50) NOT NULL,
	"address"	VARCHAR(100) NOT NULL,
	"cap"	VARCHAR(10) NOT NULL,
	"id_azienda"	INTEGER NOT NULL,
	"id_ruolo"	INTEGER NOT NULL,
	"provincia"	VARCHAR,
	PRIMARY KEY("id_utente"),
	UNIQUE("email"),
	FOREIGN KEY("id_azienda") REFERENCES "azienda"("id_azienda"),
	FOREIGN KEY("id_ruolo") REFERENCES "ruolo"("id_ruolo")
);
CREATE TABLE IF NOT EXISTS "um" (
	"id"	INTEGER NOT NULL,
	"description"	VARCHAR,
	"id_azienda"	INTEGER,
	PRIMARY KEY("id")
);
CREATE TABLE IF NOT EXISTS "banche" (
	"id"	INTEGER,
	"description"	VARCHAR,
	"iban"	VARCHAR,
	"abi"	VARCHAR,
	"cab"	VARCHAR,
	"id_azienda"	INTEGER,
	PRIMARY KEY("id" AUTOINCREMENT)
);
CREATE TABLE IF NOT EXISTS "clienti" (
	"id"	INTEGER,
	"denominazione"	TEXT,
	"nome"	TEXT,
	"cognome"	TEXT,
	"partitaiva"	TEXT,
	"codicefiscale"	TEXT,
	"indirizzo"	TEXT,
	"civico"	TEXT,
	"cap"	TEXT,
	"comune"	TEXT,
	"provincia"	TEXT,
	"nazione"	TEXT,
	"SDI"	TEXT,
	"giuridica"	BOOLEAN DEFAULT 0,
	"email"	TEXT,
	"pec"	TEXT,
	"telefono"	TEXT,
	"cellulare"	TEXT,
	"id_azienda"	INTEGER,
	PRIMARY KEY("id")
);
CREATE TABLE IF NOT EXISTS "codiva" (
	"id"	INTEGER NOT NULL,
	"description"	VARCHAR,
	"aliquota"	FLOAT,
	"natura"	VARCHAR,
	"id_azienda"	INTEGER,
	PRIMARY KEY("id")
);
CREATE TABLE IF NOT EXISTS "fornitori" (
	"id"	INTEGER,
	"denominazione"	TEXT,
	"nome"	TEXT,
	"cognome"	TEXT,
	"partitaiva"	TEXT,
	"codicefiscale"	TEXT,
	"indirizzo"	TEXT,
	"civico"	TEXT,
	"cap"	TEXT,
	"comune"	TEXT,
	"provincia"	TEXT,
	"nazione"	TEXT,
	"SDI"	TEXT,
	"giuridica"	BOOLEAN DEFAULT 0,
	"email"	TEXT,
	"pec"	TEXT,
	"telefono"	TEXT,
	"cellulare"	TEXT,
	"id_azienda"	INTEGER,
	PRIMARY KEY("id")
);
CREATE TABLE IF NOT EXISTS "movmag" (
	"id"	INTEGER,
	"articolo_id"	VARCHAR,
	"quantita"	INT,
	"um"	INT,
	"prezzo"	FLOAT,
	"iva"	INT,
	"descrizione"	VARCHAR,
	"testata_id"	INT,
	"id_azienda"	INTEGER,
	PRIMARY KEY("id" AUTOINCREMENT),
	FOREIGN KEY("articolo_id") REFERENCES "articoli"("id"),
	FOREIGN KEY("um") REFERENCES "um"("id"),
	FOREIGN KEY("testata_id") REFERENCES "testmag"("id"),
	FOREIGN KEY("iva") REFERENCES "codiva"("id")
);
CREATE TABLE IF NOT EXISTS "numerazioni" (
	"id"	INTEGER,
	"id_sezionale"	INTEGER,
	"numero"	INTEGER,
	"id_azienda"	INTEGER,
	PRIMARY KEY("id" AUTOINCREMENT)
);
CREATE TABLE IF NOT EXISTS "products" (
	"id"	INTEGER NOT NULL,
	"description"	VARCHAR,
	"category"	INTEGER,
	"id_azienda"	INTEGER,
	PRIMARY KEY("id")
);
CREATE TABLE IF NOT EXISTS "reparti" (
	"id"	INTEGER NOT NULL,
	"description"	VARCHAR,
	"printer"	VARCHAR,
	"id_azienda"	INTEGER,
	PRIMARY KEY("id")
);
CREATE TABLE IF NOT EXISTS "ruolo" (
	"id_ruolo"	INTEGER NOT NULL,
	"nome_ruolo"	VARCHAR(50) NOT NULL,
	"id_azienda"	INTEGER,
	PRIMARY KEY("id_ruolo")
);
CREATE TABLE IF NOT EXISTS "sezionali" (
	"id"	INTEGER,
	"descrizione"	VARCHAR,
	"id_azienda"	INTEGER,
	PRIMARY KEY("id" AUTOINCREMENT)
);
CREATE TABLE IF NOT EXISTS "shops" (
	"id"	INTEGER NOT NULL,
	"descrizione"	VARCHAR,
	"id_azienda"	INTEGER,
	PRIMARY KEY("id")
);
CREATE TABLE IF NOT EXISTS "tables" (
	"id"	INTEGER NOT NULL,
	"shop"	INTEGER,
	"number"	INTEGER,
	"status"	INTEGER,
	"id_azienda"	INTEGER,
	PRIMARY KEY("id"),
	FOREIGN KEY("shop") REFERENCES "shops"("id")
);
CREATE TABLE IF NOT EXISTS "testmag" (
	"id"	INTEGER,
	"fornitore_id"	INT,
	"numero_doc"	VARCHAR,
	"sezionale"	VARCHAR,
	"date"	VARCHAR,
	"totale"	FLOAT,
	"iva"	FLOAT,
	"id_azienda"	INTEGER,
	PRIMARY KEY("id" AUTOINCREMENT),
	FOREIGN KEY("fornitore_id") REFERENCES "fornitori"("id")
);
CREATE TABLE IF NOT EXISTS "checks" (
	"uuid"	VARCHAR NOT NULL,
	"checktype"	INTEGER NOT NULL,
	"checktime"	DATETIME NOT NULL,
	"device_serial_number"	VARCHAR NOT NULL,
	"device_name"	VARCHAR NOT NULL,
	"employee_first_name"	VARCHAR NOT NULL,
	"employee_last_name"	VARCHAR NOT NULL,
	"employee_workno"	VARCHAR NOT NULL,
	"employee_department"	VARCHAR NOT NULL,
	"employee_job_title"	VARCHAR,
	"id_azienda"	INTEGER,
	PRIMARY KEY("uuid")
);
CREATE TABLE IF NOT EXISTS "azienda" (
	"id_azienda"	INTEGER NOT NULL,
	"nome_azienda"	VARCHAR(100) NOT NULL,
	"forma_giuridica"	VARCHAR(50) NOT NULL,
	"codice_fiscale"	VARCHAR(16) NOT NULL,
	"partita_iva"	VARCHAR(11) NOT NULL,
	"sede_legale"	VARCHAR(255) NOT NULL,
	"comune"	VARCHAR,
	"cap"	VARCHAR,
	"provincia"	VARCHAR(2),
	"phone"	VARCHAR,
	"mail"	VARCHAR,
	"api_key_doceasy"	VARCHAR,
	"api_secret_doceasy"	VARCHAR,
	"nome"	VARCHAR,
	"cognome"	VARCHAR,
	"rfiscale"	VARCHAR,
	"civico"	VARCHAR,
	"utenza_sidae"	VARCHAR,
	"sidae"	INTEGER DEFAULT 0,
	"ae_user"	VARCHAR,
	"ae_password"	VARCHAR,
	"ae_pin"	VARCHAR,
	UNIQUE("codice_fiscale"),
	PRIMARY KEY("id_azienda"),
	UNIQUE("partita_iva")
);
CREATE TABLE IF NOT EXISTS "pagamenti" (
	"id"	INTEGER,
	"description"	VARCHAR,
	"tipo"	VARCHAR,
	"rate"	INTEGER,
	"banca"	INTEGER,
	"id_azienda"	INTEGER,
	"condizioni"	VARCHAR,
	PRIMARY KEY("id" AUTOINCREMENT)
);
CREATE TABLE IF NOT EXISTS "comande" (
	"id"	INTEGER NOT NULL,
	"table"	INTEGER,
	"note"	VARCHAR,
	"contenuto"	JSON,
	"cliente"	INTEGER,
	"status"	INTEGER,
	"date"	DATETIME NOT NULL,
	"id_azienda"	INTEGER,
	"idScontrino"	VARCHAR,
	"numeroDoc"	VARCHAR,
	"annullato"	INTEGER DEFAULT 0,
	"iva"	FLOAT,
	"totale"	FLOAT,
	"pagamento"	VARCHAR,
	PRIMARY KEY("id")
);
CREATE TABLE IF NOT EXISTS "fatture" (
	"id"	INTEGER NOT NULL,
	"id_azienda"	INTEGER,
	"inviato"	INTEGER DEFAULT 0,
	"Doceasy"	VARCHAR NOT NULL,
	"cliente"	INTEGER,
	"fileId"	VARCHAR,
	"corpo"	JSON,
	"pagamento"	JSON,
	"sezionale"	JSON,
	"numero"	INTEGER,
	"date"	VARCHAR,
	"totale"	FLOAT,
	PRIMARY KEY("id" AUTOINCREMENT)
);
CREATE TABLE IF NOT EXISTS "ingredienti" (
	"id"	INTEGER NOT NULL,
	"description"	VARCHAR,
	"id_azienda"	INTEGER,
	PRIMARY KEY("id")
);
CREATE TABLE IF NOT EXISTS "giacenze" (
	"id"	INTEGER NOT NULL,
	"id_azienda"	INTEGER,
	"id_articolo"	INTEGER,
	"giacenza"	FLOAT,
	PRIMARY KEY("id"),
	FOREIGN KEY("id_articolo") REFERENCES "articoli"("id")
);
CREATE TABLE IF NOT EXISTS "categories" (
	"id"	INTEGER NOT NULL,
	"description"	VARCHAR,
	"reparto"	INTEGER,
	"id_azienda"	INTEGER,
	"descrizione_agg"	VARCHAR,
	PRIMARY KEY("id")
);
CREATE TABLE IF NOT EXISTS "articoli" (
	"id"	INTEGER NOT NULL,
	"code"	VARCHAR(255),
	"description"	VARCHAR(255),
	"um"	VARCHAR(255),
	"iva"	INTEGER,
	"img"	VARCHAR(255),
	"category_id"	INTEGER,
	"prezzo"	FLOAT,
	"id_azienda"	INTEGER,
	"ingredienti"	JSON,
	"vegetariano"	INTEGER DEFAULT 0,
	"vegano"	INTEGER DEFAULT 0,
	"celiaco"	INTEGER DEFAULT 0,
	"menu"	INTEGER DEFAULT 0,
	"varianti"	INTEGER DEFAULT 0,
	"varianti_list"	JSON,
	PRIMARY KEY("id"),
	FOREIGN KEY("um") REFERENCES "um"("id"),
	FOREIGN KEY("iva") REFERENCES "codiva"("id"),
	FOREIGN KEY("category_id") REFERENCES "categories"("id")
);
CREATE TABLE IF NOT EXISTS "varianti" (
	"id"	INTEGER NOT NULL,
	"code"	VARCHAR(255),
	"description"	VARCHAR(255),
	"id_azienda"	INTEGER,
	"ingredienti"	JSON,
	PRIMARY KEY("id")
);
INSERT INTO "utente" ("id_utente","first_name","last_name","phone_number","email","password","city","address","cap","id_azienda","id_ruolo","provincia") VALUES (1,'Massimiliano','Lodovichi','3480905627','m.lodovichi@dgns.it','scrypt:32768:8:1$dQl1i11C987zuWlZ$b65b923d705e463fc9f730e172620aea4f3c9285849b2f3f58202fa1d1ea10f109e9abff4e75a33e56fa4bb462450ded4432a5988a3cbcb3c84884acd50630ba','Chianciano Terme','Via Solferino, 30','53042',1,1,'SI'),
 (2,'Angelo','Binarelli','338298988','a.binarelli@dgns.it','scrypt:32768:8:1$cn9Q9qCHthKBX6UM$555716cd2c75b99a48890d740d32a212861a3d4f88b04e29e5649c4760ee420d3a705219086044cc8ddd31a3c536b59e34c8c07375f93790a12bc15d7c6227dd','Chianciano Terme','Via Poggio Faloppo','53042',2,1,'SI'),
 (3,'jacopo','cappelli','3490905627','j.cappelli@dgns.it','scrypt:32768:8:1$cn9Q9qCHthKBX6UM$555716cd2c75b99a48890d740d32a212861a3d4f88b04e29e5649c4760ee420d3a705219086044cc8ddd31a3c536b59e34c8c07375f93790a12bc15d7c6227dd','Chianciano Terme','Via Poggio Faloppo','53042',2,1,'SI');
INSERT INTO "um" ("id","description","id_azienda") VALUES (1,'PZ',1),
 (2,'PZ',2);
INSERT INTO "banche" ("id","description","iban","abi","cab","id_azienda") VALUES (1,'INTESA SAN PAOLO ','IT82Z0306971855100000002594','03069','71855',1),
 (2,'intesa','1','03069','71855',2);
INSERT INTO "clienti" ("id","denominazione","nome","cognome","partitaiva","codicefiscale","indirizzo","civico","cap","comune","provincia","nazione","SDI","giuridica","email","pec","telefono","cellulare","id_azienda") VALUES (1,'Digital Business Srl',NULL,NULL,'01498460524','01498460524','Via 29 Giugno','25','53042','chianciano Terme','SI','IT','J6URRTW',1,'info@dgns.it','dgns@pec.it','0578320030','3480905627',1),
 (2,'','Massimiliano','Lodovichi','','LDVMSM95A27F592B','VIA SOLFERINO','30',NULL,'CHIANCIANO TERME','SI','IT','000000',0,'m.lodovichi@dgns.it','','','3480905627',1),
 (3,'','Angelo','Binarelli','','','','',NULL,'','','','',0,'a.binarelli@dgns.it','','','3382989888',1),
 (4,'','Massimiliano','Lodovichi','','LDVMSM95A27F592B','VIA SOLFERINO','30','53042','CHIANCIANO TERME','SI','IT','0000000',0,'','','','',2);
INSERT INTO "codiva" ("id","description","aliquota","natura","id_azienda") VALUES (1,'10%',10.0,'N/P',1),
 (2,'22%',22.0,'N/P',1),
 (3,'10%',10.0,'N/P',2);
INSERT INTO "fornitori" ("id","denominazione","nome","cognome","partitaiva","codicefiscale","indirizzo","civico","cap","comune","provincia","nazione","SDI","giuridica","email","pec","telefono","cellulare","id_azienda") VALUES (1,'Digital Business srl','','','01498460524','01498460524','VIA 29 GIUGNO','25',NULL,'CHIANCIANO TERME','SI','IT','J6URRTW',1,'m.lodovichi@dgns.it','dgns@pec.it','0578320030','3480905627',1);
INSERT INTO "movmag" ("id","articolo_id","quantita","um","prezzo","iva","descrizione","testata_id","id_azienda") VALUES (14,'3',5,1,5.0,1,'DRINK 3',13,1),
 (15,'3',10,1,15.0,2,'DRINK 3',13,1);
INSERT INTO "numerazioni" ("id","id_sezionale","numero","id_azienda") VALUES (1,1,48,1),
 (2,2,26,1),
 (3,3,1,1),
 (4,4,1,2);
INSERT INTO "reparti" ("id","description","printer","id_azienda") VALUES (1,'CUCINA','192.168.1.140',1),
 (2,'BAR','192.168.1.141',1),
 (3,'CUCINA','192.168.1.141',2),
 (4,'BAR','192.168.1.140',2);
INSERT INTO "ruolo" ("id_ruolo","nome_ruolo","id_azienda") VALUES (1,'Admin',NULL);
INSERT INTO "sezionali" ("id","descrizione","id_azienda") VALUES (1,'2024',1),
 (2,'E',1),
 (3,'ND',1),
 (4,'2024',2);
INSERT INTO "shops" ("id","descrizione","id_azienda") VALUES (1,'Negozio principale',NULL);
INSERT INTO "tables" ("id","shop","number","status","id_azienda") VALUES (0,1,'Banco',0,1),
 (1,1,1,0,1),
 (2,1,2,0,1),
 (3,1,3,0,1),
 (4,1,4,0,1),
 (5,1,5,0,1),
 (6,1,6,0,1),
 (7,1,7,0,1),
 (8,1,8,0,1),
 (9,1,9,0,1),
 (10,1,10,0,1),
 (11,1,'Banco',0,2),
 (12,1,1,0,2),
 (13,1,2,0,2);
INSERT INTO "testmag" ("id","fornitore_id","numero_doc","sezionale","date","totale","iva","id_azienda") VALUES (13,1,'15','2024','2024-08-20',210.5,35.5,1);
INSERT INTO "azienda" ("id_azienda","nome_azienda","forma_giuridica","codice_fiscale","partita_iva","sede_legale","comune","cap","provincia","phone","mail","api_key_doceasy","api_secret_doceasy","nome","cognome","rfiscale","civico","utenza_sidae","sidae","ae_user","ae_password","ae_pin") VALUES (1,'Digital Business','SRL','01498460524','01498460524','Via 29 giugno','Chianciano Terme','53042','SI','0578320030','info@dgns.it','3a6cdf0709895e984953d881bc7e879948a08698eee624fdd6e4355a125a3247','06f74b6bd1883e5140dd1731f74067b95391c21bb2bc099989696affd57cf22d1785d483b4c7e3a3d7eefe60083a6db0703e7f20baa06a1397fd0f6617507adb',NULL,NULL,'RF01','25',NULL,0,NULL,NULL,NULL),
 (2,'WALLY GARDEN''S BAR','','PPNWTR86H14A468V','01393770522','STRADA DI FONTE PERUCCIOLE','CHIANCIANO TERME','53042','SI','0578320030','info@dgns.it','3a6cdf0709895e984953d881bc7e879948a08698eee624fdd6e4355a125a3247','06f74b6bd1883e5140dd1731f74067b95391c21bb2bc099989696affd57cf22d1785d483b4c7e3a3d7eefe60083a6db0703e7f20baa06a1397fd0f6617507adb','WALTER','PAPINI','RF01','5','eudrckprpvvgrerkgrp',0,'PPNWTR86H14A468V','Walter86!','2146941695');
INSERT INTO "pagamenti" ("id","description","tipo","rate","banca","id_azienda","condizioni") VALUES (7,'CONTANTI','MP01',1,0,1,'TP02'),
 (8,'CONTANTI','MP01',1,0,2,'TP02'),
 (10,'BONIFICO','MP05',1,1,1,'TP02');
INSERT INTO "comande" ("id","table","note","contenuto","cliente","status","date","id_azienda","idScontrino","numeroDoc","annullato","iva","totale","pagamento") VALUES (1,0,'','[{"id": 1, "title": "Drink 1", "price": 5, "category": "Drink", "quantity": 2}]',0,2,'2024-07-10 16:59:09.035250',NULL,NULL,'',0,NULL,NULL,NULL),
 (2,1,'','[{"id": 1, "title": "Drink 1", "price": 5, "category": "Drink", "quantity": 2}]',0,2,'2024-07-10 17:21:14.247057',NULL,NULL,'',0,NULL,NULL,NULL),
 (3,1,'','[{"id": 1, "title": "Drink 1", "price": 5, "category": "Drink", "quantity": 2}]',0,2,'2024-07-10 17:21:26.364414',NULL,NULL,'',0,NULL,NULL,NULL),
 (4,1,'','[{"id": 11, "title": "SECONDO 1", "price": 10, "category": "Secondi", "quantity": 1}, {"id": 12, "title": "SECONDO 2", "price": 10, "category": "Secondi", "quantity": 1}, {"id": 6, "title": "PRIMO 1", "price": 8, "category": "Primi", "quantity": 1}]',0,2,'2024-07-10 17:51:20.355182',NULL,NULL,'',0,NULL,NULL,NULL),
 (5,0,'','[{"id": 1, "title": "DRINK 1", "price": 5, "category": "Drink", "quantity": 2}]',1,1,'2024-07-11 12:47:14.492183',NULL,NULL,'',0,NULL,NULL,NULL),
 (6,3,'','[{"id": 1, "title": "DRINK 1", "price": 5, "category": "Drink", "quantity": 1}, {"id": 2, "title": "DRINK 2", "price": 5, "category": "Drink", "quantity": 1}]',0,2,'2024-07-11 17:28:31.351683',NULL,NULL,'',0,NULL,NULL,NULL),
 (7,2,'','[{"id": 1, "title": "DRINK 1", "price": 5, "category": "Drink", "quantity": 1}, {"id": 2, "title": "DRINK 2", "price": 5, "category": "Drink", "quantity": 1}]',0,2,'2024-07-15 09:17:29.248027',NULL,NULL,'',0,NULL,NULL,NULL),
 (8,0,'','[{"id": 1, "title": "DRINK 1", "price": 5, "category": "Drink", "quantity": 2}]',0,2,'2024-07-15 09:18:59.214436',NULL,NULL,'',0,NULL,NULL,NULL),
 (9,0,'','[{"id": 1, "title": "DRINK 1", "price": 5, "category": "Drink", "quantity": 2}]',0,2,'2024-07-15 12:25:25.525955',NULL,NULL,'',0,NULL,NULL,NULL),
 (10,1,'','[{"id": 6, "title": "PRIMO 1", "price": 8, "category": "Primi", "quantity": 1}, {"id": 7, "title": "PRIMO 2", "price": 8, "category": "Primi", "quantity": 1}]',0,2,'2024-07-15 12:33:14.315605',NULL,NULL,'',0,NULL,NULL,NULL),
 (11,1,'','[{"id": 1, "title": "DRINK 1", "price": 5, "category": "Drink", "quantity": 2}]',1,1,'2024-07-15 12:40:18.302888',NULL,NULL,'',0,NULL,NULL,NULL),
 (12,0,'','[{"id": 1, "title": "DRINK 1", "price": 5, "category": "Drink", "quantity": 2}]',0,2,'2024-07-22 17:43:23.772295',NULL,NULL,'',0,NULL,NULL,NULL),
 (13,0,'','[{"id": 1, "title": "DRINK 1", "price": 5, "category": "Drink", "quantity": 1}]',0,2,'2024-07-22 17:44:49.663733',NULL,NULL,'',0,NULL,NULL,NULL),
 (14,0,'','[{"id": 1, "title": "DRINK 1", "price": 5, "category": "Drink", "quantity": 2}]',NULL,2,'2024-07-22 17:48:57.297207',NULL,NULL,'',0,NULL,NULL,NULL),
 (15,0,'','[{"id": 1, "title": "DRINK 1", "price": 5, "category": "Drink", "quantity": 2}]',1,2,'2024-07-22 17:51:19.233099',NULL,NULL,'',0,NULL,NULL,NULL),
 (16,0,'','[{"id": 1, "title": "DRINK 1", "price": 5, "category": "Drink", "quantity": 2}]',1,2,'2024-07-22 17:53:35.003585',NULL,NULL,'',0,NULL,NULL,NULL),
 (17,0,'','[{"id": 1, "title": "DRINK 1", "price": 5, "category": "Drink", "quantity": 1}]',1,2,'2024-07-29 10:14:23.591556',NULL,NULL,'',0,NULL,NULL,NULL),
 (18,0,'','[]',0,2,'2024-08-12 11:51:07.120118',NULL,NULL,'',0,NULL,NULL,NULL),
 (19,2,'','[{"id": 1, "title": "DRINK 1", "price": 5, "category": "Drink", "quantity": 2}]',1,1,'2024-08-12 12:19:55.618763',NULL,NULL,'',0,NULL,NULL,NULL),
 (20,1,'','[{"id": 1, "title": "DRINK 1", "price": 5, "category": "Drink", "quantity": 2}]',2,1,'2024-08-12 12:25:47.170095',NULL,NULL,'',0,NULL,NULL,NULL),
 (21,0,'','[]',0,1,'2024-08-12 16:58:59.000397',NULL,NULL,'',0,NULL,NULL,NULL),
 (22,0,'','[{"id": "60e38ce9-2f2a-44c2-b2db-bfd650278808", "title": "Articolo Generico", "price": "250", "category": "Categoria Generica", "quantity": 1}]',0,1,'2024-08-12 17:00:50.289127',NULL,NULL,'',0,NULL,NULL,NULL),
 (23,1,'','[]',0,1,'2024-08-12 17:01:51.898275',NULL,NULL,'',0,NULL,NULL,NULL),
 (24,1,'','[{"id": 1, "title": "DRINK 1", "price": 5, "category": "Drink", "quantity": 1}, {"id": 2, "title": "DRINK 2", "price": 5, "category": "Drink", "quantity": 1}]',0,1,'2024-08-13 12:46:15.541895',NULL,NULL,'',0,NULL,NULL,NULL),
 (25,2,'','[]',0,1,'2024-08-14 17:01:55.724233',NULL,NULL,'',0,NULL,NULL,NULL),
 (26,5,'','[]',0,1,'2024-08-14 17:02:49.578002',NULL,NULL,'',0,NULL,NULL,NULL),
 (27,2,'','[]',0,1,'2024-08-14 17:24:37.247732',NULL,NULL,'',0,NULL,NULL,NULL),
 (28,0,'','[{"id": 1, "title": "DRINK 1", "price": 5, "category": "Drink", "quantity": 1}, {"id": 2, "title": "DRINK 2", "price": 5, "category": "Drink", "quantity": 1}]',0,1,'2024-08-14 17:25:36.173846',NULL,NULL,'',0,NULL,NULL,NULL),
 (29,3,'','[]',0,1,'2024-08-14 17:34:42.540226',NULL,NULL,'',0,NULL,NULL,NULL),
 (30,1,'','[]',0,1,'2024-08-14 17:35:59.000905',NULL,NULL,'',0,NULL,NULL,NULL),
 (31,3,'','[]',0,1,'2024-08-14 17:39:06.580615',NULL,NULL,'',0,NULL,NULL,NULL),
 (32,6,'','[]',0,1,'2024-08-14 17:41:45.830102',NULL,NULL,'',0,NULL,NULL,NULL),
 (33,8,'','[]',0,1,'2024-08-14 17:42:43.529071',NULL,NULL,'',0,NULL,NULL,NULL),
 (34,5,'','[]',0,1,'2024-08-14 17:44:14.329425',NULL,NULL,'',0,NULL,NULL,NULL),
 (35,9,'','[]',0,1,'2024-08-14 17:44:31.904931',NULL,NULL,'',0,NULL,NULL,NULL),
 (36,2,'','[{"id": 1, "title": "DRINK 1", "price": 5, "category": "Drink", "quantity": 10}, {"id": 2, "title": "DRINK 2", "price": 5, "category": "Drink", "quantity": 1}]',0,1,'2024-08-14 17:45:22.696506',NULL,NULL,'',0,NULL,NULL,NULL),
 (37,3,'','[{"id": 1, "title": "DRINK 1", "price": 5, "category": "Drink", "quantity": 1}, {"id": 2, "title": "DRINK 2", "price": 5, "category": "Drink", "quantity": 1}, {"id": "4759ddbe-b092-4948-8b43-feb3164b9379", "title": "Articolo Generico", "price": "8", "category": "Categoria Generica", "quantity": 1}]',0,1,'2024-08-14 17:54:30.412428',NULL,NULL,'',0,NULL,NULL,NULL),
 (38,4,'','[{"id": 1, "title": "DRINK 1", "price": 5, "category": "Drink", "quantity": 1}, {"id": 3, "title": "DRINK 3", "price": 5, "category": "Drink", "quantity": 1}, {"id": 17, "title": "CAFFE''", "price": 1, "category": "Extra", "quantity": 2}, {"id": "6277cdf1-4d17-469b-8a75-63e4ee85c34d", "title": "Articolo Generico", "price": "8", "category": "Categoria Generica", "quantity": 1}]',0,1,'2024-08-14 17:55:15.933692',NULL,NULL,'',0,NULL,NULL,NULL),
 (39,2,'','[{"id": 13, "title": "SECONDO 3", "price": 10, "category": "Secondi", "quantity": 3}, {"id": 12, "title": "SECONDO 2", "price": 10, "category": "Secondi", "quantity": 2}, {"id": 16, "title": "DESSERT 1", "price": 4, "category": "Dolci", "quantity": 1}]',0,1,'2024-08-14 17:58:07.456851',NULL,NULL,'',0,NULL,NULL,NULL),
 (40,2,'','[{"id": 2, "title": "DRINK 2", "price": 5, "category": "Drink", "quantity": 2}, {"id": 3, "title": "DRINK 3", "price": 5, "category": "Drink", "quantity": 2}]',0,1,'2024-08-14 17:58:32.981741',NULL,NULL,'',0,NULL,NULL,NULL),
 (41,3,'','[{"id": 2, "title": "DRINK 2", "price": 5, "category": "Drink", "quantity": 4}, {"id": 3, "title": "DRINK 3", "price": 5, "category": "Drink", "quantity": 1}, {"id": 1, "title": "DRINK 1", "price": 5, "category": "Drink", "quantity": 3}]',0,1,'2024-08-14 17:58:55.850109',NULL,NULL,'',0,NULL,NULL,NULL),
 (42,2,'','[{"id": 2, "title": "DRINK 2", "price": 5, "category": "Drink", "quantity": 2}, {"id": 12, "title": "SECONDO 2", "price": 10, "category": "Secondi", "quantity": 2}]',0,1,'2024-08-14 17:59:05.129248',NULL,NULL,'',0,NULL,NULL,NULL),
 (43,1,'','[{"id": 6, "title": "PRIMO 1", "price": 8, "category": "Primi", "quantity": 2}, {"id": 7, "title": "PRIMO 2", "price": 8, "category": "Primi", "quantity": 2}]',0,1,'2024-08-14 17:59:13.208765',NULL,NULL,'',0,NULL,NULL,NULL),
 (44,0,'','[{"id": 12, "title": "SECONDO 2", "price": 10, "category": "Secondi", "quantity": 2}]',0,1,'2024-08-14 18:19:39.300394',NULL,NULL,'',0,NULL,NULL,NULL),
 (45,4,'','[]',0,1,'2024-08-14 18:19:55.037321',NULL,NULL,'',0,NULL,NULL,NULL),
 (46,0,'','[{"id": 1, "title": "DRINK 1", "price": 5, "category": "Drink", "quantity": 2}]',0,2,'2024-08-14 18:20:02.554504',NULL,NULL,'',0,NULL,NULL,NULL),
 (47,4,'','[{"id": 1, "title": "DRINK 1", "price": 5, "category": "Drink", "quantity": 2}, {"id": 2, "title": "DRINK 2", "price": 5, "category": "Drink", "quantity": 1}]',0,1,'2024-08-19 16:35:56.865693',NULL,NULL,'',0,NULL,NULL,NULL),
 (49,2,'','[{"id": 2, "title": "DRINK 2", "price": 5, "category": "Drink", "quantity": 2}, {"id": 3, "title": "DRINK 3", "price": 5, "category": "Drink", "quantity": 1}, {"id": 1, "title": "DRINK 1", "price": 5, "category": "Drink", "quantity": 1}]',0,1,'2024-08-19 16:40:25.449939',NULL,NULL,'',0,NULL,NULL,NULL),
 (50,1,'','[{"id": 1, "title": "DRINK 1", "price": 5, "category": "Drink", "quantity": 1}, {"id": 3, "title": "DRINK 3", "price": 5, "category": "Drink", "quantity": 1}]',0,2,'2024-08-20 10:47:29.530568',NULL,NULL,'',0,NULL,NULL,NULL),
 (51,4,'','[{"id": 1, "title": "DRINK 1", "price": 5, "category": "Drink", "quantity": 1}, {"id": 3, "title": "DRINK 3", "price": 5, "category": "Drink", "quantity": 1}]',0,2,'2024-08-20 11:06:32.761786',NULL,NULL,'',0,NULL,NULL,NULL),
 (52,3,'','[{"id": 7, "title": "PRIMO 2", "price": 8, "category": "Primi", "quantity": 1}]',0,2,'2024-08-20 11:09:07.626568',NULL,NULL,'',0,NULL,NULL,NULL),
 (53,0,'','[{"id": 1, "title": "DRINK 1", "price": 5, "category": "Drink", "quantity": 1}, {"id": 2, "title": "DRINK 2", "price": 5, "category": "Drink", "quantity": 1}]',2,2,'2024-08-20 12:24:09.819720',NULL,NULL,'',0,NULL,NULL,NULL),
 (54,0,'','[{"id": 1, "title": "DRINK 1", "price": 5, "category": "Drink", "quantity": 1}, {"id": 2, "title": "DRINK 2", "price": 5, "category": "Drink", "quantity": 1}]',0,2,'2024-08-20 12:26:34.435653',NULL,NULL,'',0,NULL,NULL,NULL),
 (55,0,'','[{"id": 1, "title": "DRINK 1", "price": 5, "category": "Drink", "quantity": 1}, {"id": 2, "title": "DRINK 2", "price": 5, "category": "Drink", "quantity": 1}]',1,2,'2024-08-20 12:27:25.555829',NULL,NULL,'',0,NULL,NULL,NULL),
 (56,0,'','[{"id": 1, "title": "DRINK 1", "price": 5, "category": "Drink", "quantity": 1}, {"id": 2, "title": "DRINK 2", "price": 5, "category": "Drink", "quantity": 1}]',0,2,'2024-08-20 12:28:08.235654',NULL,NULL,'',0,NULL,NULL,NULL),
 (58,0,'','[{"id": 2, "title": "DRINK 2", "price": 5, "category": "Drink", "quantity": 1}]',1,1,'2024-08-20 16:01:12.528184',NULL,NULL,'',0,NULL,NULL,NULL),
 (61,NULL,NULL,'[{"id": 1, "title": "DRINK 1", "price": 5, "iva": {"aliquota": 10, "description": "10%", "id": 1}, "category": "Drink", "quantity": 1, "ingredienti": null, "printer": "192.168.1.141"}]',0,0,'2024-08-20 17:43:48.937492',NULL,NULL,'',0,NULL,NULL,NULL),
 (62,0,'','[{"id": 1, "title": "DRINK 1", "price": 5, "category": "Drink", "quantity": 1}]',0,2,'2024-08-21 10:26:17.976398',NULL,NULL,'',0,NULL,NULL,NULL),
 (63,1,'','[{"id": "fefe3636-4805-4c33-bf45-f3207a23e172", "title": "Articolo Generico", "price": "50", "category": "Categoria Generica", "quantity": 1}]',0,2,'2024-09-03 15:52:15.737838',NULL,NULL,'',0,NULL,NULL,NULL),
 (65,2,'','[{"id": 1, "title": "DRINK 1", "price": 5, "category": "Drink", "quantity": 1}, {"id": 2, "title": "DRINK 2", "price": 5, "category": "Drink", "quantity": 1}]',0,2,'2024-09-03 15:56:40.522667',NULL,NULL,'',0,NULL,NULL,NULL),
 (66,1,'','[{"id": 9, "title": "PRIMO 4", "price": 8, "category": "Primi", "quantity": 1}, {"id": 16, "title": "DESSERT 1", "price": 4, "category": "Dolci", "quantity": 1}]',0,2,'2024-09-03 16:01:53.682833',NULL,NULL,'',0,NULL,NULL,NULL),
 (68,0,'','[{"id": 1, "title": "DRINK 1", "price": 5, "category": "Drink", "quantity": 1}, {"id": 2, "title": "DRINK 2", "price": 5, "category": "Drink", "quantity": 1}]',0,2,'2024-09-03 19:45:54.714328',NULL,NULL,'',0,NULL,NULL,NULL),
 (69,0,'','[{"id": 1, "title": "DRINK 1", "price": 5, "category": "Drink", "quantity": 1}, {"id": 2, "title": "DRINK 2", "price": 5, "category": "Drink", "quantity": 1}]',0,2,'2024-09-03 19:56:43.381495',NULL,NULL,'',0,NULL,NULL,NULL),
 (70,0,'','[{"id": 1, "title": "DRINK 1", "price": 5, "category": "Drink", "quantity": 1}]',0,2,'2024-09-03 20:35:33.206971',NULL,NULL,'',0,NULL,NULL,NULL),
 (71,0,'','[{"id": 1, "title": "DRINK 1", "price": 5, "category": "Drink", "quantity": 1}, {"id": 2, "title": "DRINK 2", "price": 5, "category": "Drink", "quantity": 1}]',0,2,'2024-09-03 20:38:20.563324',NULL,NULL,'',0,NULL,NULL,NULL),
 (72,0,'','[{"id": "36e30a25-6f0d-4d09-970c-c2fde0e79624", "title": "Articolo Generico", "price": "75", "category": "Categoria Generica", "quantity": 1}]',0,2,'2024-09-03 20:39:03.357851',NULL,NULL,'',0,NULL,NULL,NULL),
 (73,0,'','[{"id": "8a5cfd70-f715-40fe-945d-d8440dbc0dec", "title": "Articolo Generico", "price": "75", "category": "Categoria Generica", "quantity": 1}]',0,2,'2024-09-03 20:40:38.663226',NULL,NULL,'',0,NULL,NULL,NULL),
 (74,0,'','[{"id": "c5cbd50b-d35d-473e-86a1-9b773cdbcda0", "title": "Articolo Generico", "price": "75", "category": "Categoria Generica", "quantity": 1}]',0,2,'2024-09-03 20:40:55.559643',NULL,NULL,'',0,NULL,NULL,NULL),
 (75,0,'','[{"id": "bfd67e55-4eda-43b2-b4eb-0c1df2d4717a", "title": "Articolo Generico", "price": "75", "category": "Categoria Generica", "quantity": 1}]',0,2,'2024-09-03 20:41:25.117707',NULL,NULL,'',0,NULL,NULL,NULL),
 (76,0,'','[{"id": "58f9abb5-02fe-447f-be57-5a050842fc49", "title": "Articolo Generico", "price": "75", "category": "Categoria Generica", "quantity": 1}]',0,2,'2024-09-03 20:44:28.010840',NULL,NULL,'',0,NULL,NULL,NULL),
 (77,0,'','[{"id": "5195cd1d-a48c-4e92-b18f-6e2d748d4a05", "title": "Articolo Generico", "price": "75", "category": "Categoria Generica", "quantity": 1}]',0,2,'2024-09-03 20:44:53.361793',NULL,NULL,'',0,NULL,NULL,NULL),
 (78,0,'','[{"id": 1, "title": "DRINK 1", "price": 5, "category": "Drink", "quantity": 1}, {"id": 2, "title": "DRINK 2", "price": 5, "category": "Drink", "quantity": 1}, {"id": "97917f5b-8e10-441b-b023-f7cfc4c08f67", "title": "Articolo Generico", "price": "75", "category": "Categoria Generica", "quantity": 1}]',0,2,'2024-09-03 20:49:18.200790',NULL,NULL,'',0,NULL,NULL,NULL),
 (79,0,'','[{"id": 1, "title": "DRINK 1", "price": 5, "category": "Drink", "quantity": 2}]',0,2,'2024-09-03 20:50:07.700574',NULL,NULL,'',0,NULL,NULL,NULL),
 (80,0,'','[{"id": "a69281ba-682d-48c5-b1bc-556dd676b180", "title": "Articolo Generico", "price": "75", "category": "Categoria Generica", "quantity": 1}]',0,2,'2024-09-03 20:50:19.127395',NULL,NULL,'',0,NULL,NULL,NULL),
 (81,0,'','[{"id": "0503e389-2ef4-4b9d-8c13-2ac15d805fa2", "title": "Articolo Generico", "price": "75", "category": "Categoria Generica", "quantity": 1}]',0,2,'2024-09-03 20:55:27.437511',NULL,NULL,'',0,NULL,NULL,NULL),
 (82,0,'','[{"id": "c78e02c6-e808-4146-8638-07ba3646bfba", "title": "Articolo Generico", "price": "75", "category": "Categoria Generica", "quantity": 1}]',0,2,'2024-09-03 20:56:11.493882',NULL,NULL,'',0,NULL,NULL,NULL),
 (83,0,'','[{"id": "051fc10a-db82-4a7c-b24a-3b3fb8f7552e", "title": "Articolo Generico", "price": "75", "category": "Categoria Generica", "quantity": 1}]',0,2,'2024-09-03 21:01:38.640633',NULL,NULL,'',0,NULL,NULL,NULL),
 (84,0,'','[{"id": "9ed0b510-b5b0-422b-995b-714f2001b20e", "title": "Articolo Generico", "price": "75", "category": "Categoria Generica", "quantity": 1}]',0,2,'2024-09-03 21:03:04.479644',NULL,NULL,'',0,NULL,NULL,NULL),
 (85,0,'','[{"id": 1, "title": "DRINK 1", "price": 5, "category": "Drink", "quantity": 1}, {"id": "c7df48d5-82d2-4164-ad3f-5e2295550008", "title": "Articolo Generico", "price": "85", "category": "Categoria Generica", "quantity": 1}]',0,2,'2024-09-03 21:05:32.857440',NULL,NULL,'',0,NULL,NULL,NULL),
 (86,0,'','[{"id": "64d15c73-9026-4c45-b173-83a25e896668", "title": "Articolo Generico", "price": "75", "category": "Categoria Generica", "quantity": 1}]',0,2,'2024-09-03 21:06:06.651416',NULL,NULL,'',0,NULL,NULL,NULL),
 (87,0,'','[{"id": "a0f15cc1-f234-4f28-bb94-e49dddb9c30b", "title": "Articolo Generico", "price": "75", "category": "Categoria Generica", "quantity": 1}]',0,2,'2024-09-03 21:10:25.108926',NULL,NULL,'',0,NULL,NULL,NULL),
 (88,0,'','[{"id": 1, "title": "DRINK 1", "price": 5, "category": "Drink", "quantity": 1}, {"id": 2, "title": "DRINK 2", "price": 5, "category": "Drink", "quantity": 1}, {"id": 3, "title": "DRINK 3", "price": 5, "category": "Drink", "quantity": 1}, {"id": 4, "title": "DRINK 4", "price": 5, "category": "Drink", "quantity": 1}, {"id": 5, "title": "DRINK 5", "price": 5, "category": "Drink", "quantity": 1}]',0,2,'2024-09-03 21:17:40.994606',NULL,NULL,'',0,NULL,NULL,NULL),
 (89,0,'','[{"id": 1, "title": "DRINK 1", "price": 5, "category": "Drink", "quantity": 1}, {"id": 2, "title": "DRINK 2", "price": 5, "category": "Drink", "quantity": 1}, {"id": 3, "title": "DRINK 3", "price": 5, "category": "Drink", "quantity": 1}, {"id": 4, "title": "DRINK 4", "price": 5, "category": "Drink", "quantity": 1}, {"id": 5, "title": "DRINK 5", "price": 5, "category": "Drink", "quantity": 1}]',0,2,'2024-09-03 21:20:25.033894',NULL,NULL,'',0,NULL,NULL,NULL),
 (90,0,'','[{"id": 1, "title": "DRINK 1", "price": 5, "category": "Drink", "quantity": 2}, {"id": 2, "title": "DRINK 2", "price": 5, "category": "Drink", "quantity": 1}, {"id": 3, "title": "DRINK 3", "price": 5, "category": "Drink", "quantity": 1}, {"id": 4, "title": "DRINK 4", "price": 5, "category": "Drink", "quantity": 1}, {"id": 5, "title": "DRINK 5", "price": 5, "category": "Drink", "quantity": 1}]',0,2,'2024-09-03 21:29:13.092051',NULL,NULL,'',0,NULL,NULL,NULL),
 (91,0,'','[{"id": 1, "title": "DRINK 1", "price": 5, "category": "Drink", "quantity": 2}, {"id": 2, "title": "DRINK 2", "price": 5, "category": "Drink", "quantity": 2}, {"id": 3, "title": "DRINK 3", "price": 5, "category": "Drink", "quantity": 1}, {"id": 4, "title": "DRINK 4", "price": 5, "category": "Drink", "quantity": 1}, {"id": 5, "title": "DRINK 5", "price": 5, "category": "Drink", "quantity": 1}, {"id": 6, "title": "PRIMO 1", "price": 8, "category": "Primi", "quantity": 1}, {"id": 7, "title": "PRIMO 2", "price": 8, "category": "Primi", "quantity": 1}, {"id": 8, "title": "PRIMO 3", "price": 8, "category": "Primi", "quantity": 1}, {"id": 9, "title": "PRIMO 4", "price": 8, "category": "Primi", "quantity": 1}, {"id": 10, "title": "PRIMO 5", "price": 8, "category": "Primi", "quantity": 1}]',0,2,'2024-09-03 21:31:19.638263',NULL,NULL,'',0,NULL,NULL,NULL),
 (92,0,'','[{"id": 6, "title": "PRIMO 1", "price": 8, "category": "Primi", "quantity": 1}, {"id": 7, "title": "PRIMO 2", "price": 8, "category": "Primi", "quantity": 1}, {"id": 8, "title": "PRIMO 3", "price": 8, "category": "Primi", "quantity": 1}, {"id": 9, "title": "PRIMO 4", "price": 8, "category": "Primi", "quantity": 1}, {"id": 10, "title": "PRIMO 5", "price": 8, "category": "Primi", "quantity": 1}, {"id": "48e8f931-3f32-4996-b8b9-d6673938d092", "title": "Articolo Generico", "price": "75", "category": "Categoria Generica", "quantity": 1}]',0,2,'2024-09-03 21:35:54.949258',NULL,NULL,'',0,NULL,NULL,NULL),
 (93,0,'','[{"id": 6, "title": "PRIMO 1", "price": 8, "category": "Primi", "quantity": 1}, {"id": 7, "title": "PRIMO 2", "price": 8, "category": "Primi", "quantity": 1}, {"id": 8, "title": "PRIMO 3", "price": 8, "category": "Primi", "quantity": 1}, {"id": 9, "title": "PRIMO 4", "price": 8, "category": "Primi", "quantity": 1}, {"id": 10, "title": "PRIMO 5", "price": 8, "category": "Primi", "quantity": 1}]',0,2,'2024-09-03 21:37:24.955608',NULL,NULL,'',0,NULL,NULL,NULL),
 (94,0,'','[{"id": 6, "title": "PRIMO 1", "price": 8, "category": "Primi", "quantity": 1}, {"id": 7, "title": "PRIMO 2", "price": 8, "category": "Primi", "quantity": 1}, {"id": 8, "title": "PRIMO 3", "price": 8, "category": "Primi", "quantity": 1}, {"id": 9, "title": "PRIMO 4", "price": 8, "category": "Primi", "quantity": 1}, {"id": 10, "title": "PRIMO 5", "price": 8, "category": "Primi", "quantity": 1}]',0,2,'2024-09-03 21:39:00.646978',NULL,NULL,'',0,NULL,NULL,NULL),
 (95,0,'','[{"id": 1, "title": "DRINK 1", "price": 5, "category": "Drink", "quantity": 1}, {"id": 2, "title": "DRINK 2", "price": 5, "category": "Drink", "quantity": 1}, {"id": 3, "title": "DRINK 3", "price": 5, "category": "Drink", "quantity": 1}, {"id": 4, "title": "DRINK 4", "price": 5, "category": "Drink", "quantity": 1}, {"id": 5, "title": "DRINK 5", "price": 5, "category": "Drink", "quantity": 1}]',0,2,'2024-09-03 21:53:54.766691',NULL,NULL,'',0,NULL,NULL,NULL),
 (96,0,'','[{"id": 1, "title": "DRINK 1", "price": 5, "category": "Drink", "quantity": 1}, {"id": 2, "title": "DRINK 2", "price": 5, "category": "Drink", "quantity": 1}]',0,2,'2024-09-04 09:18:03.869826',NULL,NULL,'',0,NULL,NULL,NULL),
 (97,1,'','[{"id": 6, "title": "PRIMO 1", "price": 8, "category": "Primi", "quantity": 1}, {"id": 7, "title": "PRIMO 2", "price": 8, "category": "Primi", "quantity": 1}, {"id": 8, "title": "PRIMO 3", "price": 8, "category": "Primi", "quantity": 1}, {"id": 9, "title": "PRIMO 4", "price": 8, "category": "Primi", "quantity": 1}, {"id": 10, "title": "PRIMO 5", "price": 8, "category": "Primi", "quantity": 1}]',0,2,'2024-09-04 09:46:17.376156',NULL,NULL,'',0,NULL,NULL,NULL),
 (98,0,'','[{"id": 6, "title": "PRIMO 1", "price": 8, "category": "Primi", "quantity": 1}, {"id": 7, "title": "PRIMO 2", "price": 8, "category": "Primi", "quantity": 1}, {"id": 8, "title": "PRIMO 3", "price": 8, "category": "Primi", "quantity": 1}, {"id": 9, "title": "PRIMO 4", "price": 8, "category": "Primi", "quantity": 1}, {"id": 10, "title": "PRIMO 5", "price": 8, "category": "Primi", "quantity": 1}]',0,2,'2024-09-04 09:46:39.936485',NULL,NULL,'',0,NULL,NULL,NULL),
 (99,0,'','[{"id": 6, "title": "PRIMO 1", "price": 8, "category": "Primi", "quantity": 1}, {"id": 7, "title": "PRIMO 2", "price": 8, "category": "Primi", "quantity": 1}, {"id": 8, "title": "PRIMO 3", "price": 8, "category": "Primi", "quantity": 1}, {"id": 9, "title": "PRIMO 4", "price": 8, "category": "Primi", "quantity": 1}]',0,2,'2024-09-04 09:47:54.991076',NULL,NULL,'',0,NULL,NULL,NULL),
 (100,0,'','[{"id": 6, "title": "PRIMO 1", "price": 8, "category": "Primi", "quantity": 1}, {"id": 7, "title": "PRIMO 2", "price": 8, "category": "Primi", "quantity": 1}, {"id": 8, "title": "PRIMO 3", "price": 8, "category": "Primi", "quantity": 1}, {"id": 9, "title": "PRIMO 4", "price": 8, "category": "Primi", "quantity": 1}, {"id": 10, "title": "PRIMO 5", "price": 8, "category": "Primi", "quantity": 1}]',0,2,'2024-09-04 09:50:13.820924',NULL,NULL,'',0,NULL,NULL,NULL),
 (101,0,'','[{"id": 6, "title": "PRIMO 1", "price": 8, "category": "Primi", "quantity": 1}, {"id": 7, "title": "PRIMO 2", "price": 8, "category": "Primi", "quantity": 1}, {"id": 8, "title": "PRIMO 3", "price": 8, "category": "Primi", "quantity": 1}, {"id": 9, "title": "PRIMO 4", "price": 8, "category": "Primi", "quantity": 1}, {"id": 10, "title": "PRIMO 5", "price": 8, "category": "Primi", "quantity": 1}]',0,2,'2024-09-04 09:52:35.266263',NULL,NULL,'',0,NULL,NULL,NULL),
 (102,0,'','[{"id": 6, "title": "PRIMO 1", "price": 8, "category": "Primi", "quantity": 1}, {"id": 7, "title": "PRIMO 2", "price": 8, "category": "Primi", "quantity": 1}, {"id": 8, "title": "PRIMO 3", "price": 8, "category": "Primi", "quantity": 1}, {"id": 9, "title": "PRIMO 4", "price": 8, "category": "Primi", "quantity": 1}, {"id": 10, "title": "PRIMO 5", "price": 8, "category": "Primi", "quantity": 1}]',0,2,'2024-09-04 09:54:21.780309',NULL,NULL,'',0,NULL,NULL,NULL),
 (103,0,'','[{"id": 6, "title": "PRIMO 1", "price": 8, "category": "Primi", "quantity": 1}, {"id": 7, "title": "PRIMO 2", "price": 8, "category": "Primi", "quantity": 1}, {"id": 8, "title": "PRIMO 3", "price": 8, "category": "Primi", "quantity": 1}, {"id": 9, "title": "PRIMO 4", "price": 8, "category": "Primi", "quantity": 1}, {"id": 10, "title": "PRIMO 5", "price": 8, "category": "Primi", "quantity": 1}]',0,2,'2024-09-04 09:55:06.935448',NULL,NULL,'',0,NULL,NULL,NULL),
 (104,0,'','[{"id": 6, "title": "PRIMO 1", "price": 8, "category": "Primi", "quantity": 1}, {"id": 7, "title": "PRIMO 2", "price": 8, "category": "Primi", "quantity": 1}, {"id": 8, "title": "PRIMO 3", "price": 8, "category": "Primi", "quantity": 1}, {"id": 9, "title": "PRIMO 4", "price": 8, "category": "Primi", "quantity": 1}, {"id": 10, "title": "PRIMO 5", "price": 8, "category": "Primi", "quantity": 1}]',0,2,'2024-09-04 09:58:20.546821',NULL,NULL,'',0,NULL,NULL,NULL),
 (105,0,'','[{"id": 6, "title": "PRIMO 1", "price": 8, "category": "Primi", "quantity": 1}, {"id": 7, "title": "PRIMO 2", "price": 8, "category": "Primi", "quantity": 1}, {"id": 8, "title": "PRIMO 3", "price": 8, "category": "Primi", "quantity": 1}, {"id": 9, "title": "PRIMO 4", "price": 8, "category": "Primi", "quantity": 1}]',0,2,'2024-09-04 09:59:26.024767',NULL,NULL,'',0,NULL,NULL,NULL),
 (106,0,'','[{"id": 6, "title": "PRIMO 1", "price": 8, "category": "Primi", "quantity": 1}, {"id": 7, "title": "PRIMO 2", "price": 8, "category": "Primi", "quantity": 1}, {"id": 8, "title": "PRIMO 3", "price": 8, "category": "Primi", "quantity": 1}, {"id": 9, "title": "PRIMO 4", "price": 8, "category": "Primi", "quantity": 1}, {"id": 10, "title": "PRIMO 5", "price": 8, "category": "Primi", "quantity": 1}]',0,2,'2024-09-04 09:59:53.367371',NULL,NULL,'',0,NULL,NULL,NULL),
 (107,0,'','[{"id": 6, "title": "PRIMO 1", "price": 8, "category": "Primi", "quantity": 1}, {"id": 7, "title": "PRIMO 2", "price": 8, "category": "Primi", "quantity": 1}]',0,2,'2024-09-04 10:00:57.817250',NULL,NULL,'',0,NULL,NULL,NULL),
 (108,0,'','[{"id": 6, "title": "PRIMO 1", "price": 8, "category": "Primi", "quantity": 1}, {"id": 7, "title": "PRIMO 2", "price": 8, "category": "Primi", "quantity": 1}]',0,2,'2024-09-04 10:01:19.944495',NULL,NULL,'',0,NULL,NULL,NULL),
 (109,0,'','[{"id": 6, "title": "PRIMO 1", "price": 8, "category": "Primi", "quantity": 1}]',0,2,'2024-09-04 10:01:41.936481',NULL,NULL,'',0,NULL,NULL,NULL),
 (110,0,'','[{"id": 6, "title": "PRIMO 1", "price": 8, "category": "Primi", "quantity": 1}]',0,2,'2024-09-04 10:02:02.116713',NULL,NULL,'',0,NULL,NULL,NULL),
 (111,0,'','[{"id": 6, "title": "PRIMO 1", "price": 8, "category": "Primi", "quantity": 1}]',0,2,'2024-09-04 10:03:03.280038',NULL,NULL,'',0,NULL,NULL,NULL),
 (112,0,'','[{"id": 6, "title": "PRIMO 1", "price": 8, "category": "Primi", "quantity": 1}]',0,2,'2024-09-04 10:03:53.622389',NULL,NULL,'',0,NULL,NULL,NULL),
 (113,0,'','[{"id": 6, "title": "PRIMO 1", "price": 8, "category": "Primi", "quantity": 1}]',0,2,'2024-09-04 10:04:14.932482',NULL,NULL,'',0,NULL,NULL,NULL),
 (114,0,'','[{"id": 6, "title": "PRIMO 1", "price": 8, "category": "Primi", "quantity": 2}, {"id": 7, "title": "PRIMO 2", "price": 8, "category": "Primi", "quantity": 2}]',0,2,'2024-09-04 10:12:51.727319',NULL,NULL,'',0,NULL,NULL,NULL),
 (115,0,'','[{"id": 6, "title": "PRIMO 1", "price": 8, "category": "Primi", "quantity": 1}, {"id": 7, "title": "PRIMO 2", "price": 8, "category": "Primi", "quantity": 1}]',0,2,'2024-09-04 10:13:01.538075',NULL,NULL,'',0,NULL,NULL,NULL),
 (116,0,'','[{"id": 1, "title": "DRINK 1", "price": 5, "category": "Drink", "quantity": 2}]',0,2,'2024-09-04 10:13:16.680991',NULL,NULL,'',0,NULL,NULL,NULL),
 (117,0,'','[{"id": 1, "title": "DRINK 1", "price": 5, "category": "Drink", "quantity": 1}]',0,2,'2024-09-04 10:20:09.830582',NULL,NULL,'',0,NULL,NULL,NULL),
 (118,1,'','[{"id": 1, "title": "DRINK 1", "price": 5, "category": "Drink", "quantity": 1}, {"id": 2, "title": "DRINK 2", "price": 5, "category": "Drink", "quantity": 1}]',0,2,'2024-09-04 10:38:51.781460',NULL,NULL,'',0,NULL,NULL,NULL),
 (119,0,'','[{"id": 1, "title": "DRINK 1", "price": 5, "category": "Drink", "quantity": 2}, {"id": 2, "title": "DRINK 2", "price": 5, "category": "Drink", "quantity": 2}]',0,2,'2024-09-04 10:47:06.307754',NULL,NULL,'',0,NULL,NULL,NULL),
 (120,0,'','[{"id": 1, "title": "DRINK 1", "price": 5, "category": "Drink", "quantity": 1}]',0,2,'2024-09-04 10:47:30.343811',NULL,NULL,'',0,NULL,NULL,NULL),
 (121,0,'','[{"id": 1, "title": "DRINK 1", "price": 5, "category": "Drink", "quantity": 1}]',0,2,'2024-09-04 10:59:19.957560',NULL,NULL,'',0,NULL,NULL,NULL),
 (122,0,'','[{"id": 1, "title": "DRINK 1", "price": 5, "category": "Drink", "quantity": 1}]',0,2,'2024-09-04 10:59:54.869204',NULL,NULL,'',0,NULL,NULL,NULL),
 (123,0,'','[{"id": 1, "title": "DRINK 1", "price": 5, "category": "Drink", "quantity": 1}]',0,2,'2024-09-04 11:00:04.232332',NULL,NULL,'',0,NULL,NULL,NULL),
 (124,0,'','[{"id": 1, "title": "DRINK 1", "price": 5, "category": "Drink", "quantity": 1}]',0,2,'2024-09-04 11:00:45.762952',NULL,NULL,'',0,NULL,NULL,NULL),
 (125,0,'','[{"id": 1, "title": "DRINK 1", "price": 5, "category": "Drink", "quantity": 1}]',0,2,'2024-09-04 11:01:03.934048',NULL,NULL,'',0,NULL,NULL,NULL),
 (126,0,'','[{"id": 1, "title": "DRINK 1", "price": 5, "category": "Drink", "quantity": 1}]',0,2,'2024-09-04 11:04:19.249285',NULL,NULL,'',0,NULL,NULL,NULL),
 (127,0,'','[{"id": 1, "title": "DRINK 1", "price": 5, "category": "Drink", "quantity": 1}]',0,2,'2024-09-04 11:05:24.890636',NULL,NULL,'',0,NULL,NULL,NULL),
 (128,0,'','[{"id": 1, "title": "DRINK 1", "price": 5, "category": "Drink", "quantity": 1}]',0,2,'2024-09-04 11:08:59.204537',NULL,NULL,'',0,NULL,NULL,NULL),
 (129,0,'','[{"id": 1, "title": "DRINK 1", "price": 5, "category": "Drink", "quantity": 1}, {"id": 2, "title": "DRINK 2", "price": 5, "category": "Drink", "quantity": 1}]',0,2,'2024-09-04 12:07:02.500535',NULL,NULL,'',0,NULL,NULL,NULL),
 (130,0,'','[{"id": 1, "title": "DRINK 1", "price": 5, "category": "Drink", "quantity": 1}]',0,2,'2024-09-04 12:07:07.322992',NULL,NULL,'',0,NULL,NULL,NULL),
 (131,0,'','[{"id": 1, "title": "DRINK 1", "price": 5, "category": "Drink", "quantity": 1}]',0,2,'2024-09-04 12:08:33.713831',NULL,NULL,'',0,NULL,NULL,NULL),
 (132,0,'','[{"id": 1, "title": "DRINK 1", "price": 5, "category": "Drink", "quantity": 2}, {"id": 2, "title": "DRINK 2", "price": 5, "category": "Drink", "quantity": 2}]',0,2,'2024-09-04 12:32:06.145717',NULL,NULL,'',0,NULL,NULL,NULL),
 (133,0,'','[{"id": 1, "title": "DRINK 1", "price": 5, "category": "Drink", "quantity": 1}, {"id": 2, "title": "DRINK 2", "price": 5, "category": "Drink", "quantity": 1}]',0,2,'2024-09-04 12:39:25.375632',NULL,NULL,'',0,NULL,NULL,NULL),
 (134,1,'','[{"id": 1, "title": "DRINK 1", "price": 5, "category": "Drink", "quantity": 1}, {"id": 2, "title": "DRINK 2", "price": 5, "category": "Drink", "quantity": 1}, {"id": 3, "title": "DRINK 3", "price": 5, "category": "Drink", "quantity": 1}, {"id": 6, "title": "PRIMO 1", "price": 8, "category": "Primi", "quantity": 1}, {"id": 7, "title": "PRIMO 2", "price": 8, "category": "Primi", "quantity": 1}, {"id": 8, "title": "PRIMO 3", "price": 8, "category": "Primi", "quantity": 1}]',0,2,'2024-09-04 12:43:35.168570',NULL,NULL,'',0,NULL,NULL,NULL),
 (135,1,'','[{"id": 1, "title": "DRINK 1", "price": 5, "category": "Drink", "quantity": 1}, {"id": 2, "title": "DRINK 2", "price": 5, "category": "Drink", "quantity": 1}, {"id": 3, "title": "DRINK 3", "price": 5, "category": "Drink", "quantity": 1}, {"id": 6, "title": "PRIMO 1", "price": 8, "category": "Primi", "quantity": 1}, {"id": 7, "title": "PRIMO 2", "price": 8, "category": "Primi", "quantity": 1}]',0,2,'2024-09-04 13:08:29.918697',NULL,NULL,'',0,NULL,NULL,NULL),
 (136,1,'','[{"id": 1, "title": "DRINK 1", "price": 5, "category": "Drink", "quantity": 1}, {"id": 2, "title": "DRINK 2", "price": 5, "category": "Drink", "quantity": 1}]',0,2,'2024-09-04 14:27:10.720392',NULL,NULL,'',0,NULL,NULL,NULL),
 (137,0,'','[{"id": 1, "title": "DRINK 1", "price": 5, "category": "Drink", "quantity": 1}, {"id": 2, "title": "DRINK 2", "price": 5, "category": "Drink", "quantity": 1}, {"id": 6, "title": "PRIMO 1", "price": 8, "category": "Primi", "quantity": 1}, {"id": 7, "title": "PRIMO 2", "price": 8, "category": "Primi", "quantity": 1}]',0,2,'2024-09-04 14:27:47.866553',NULL,NULL,'',0,NULL,NULL,NULL),
 (139,1,'','[{"id": 1, "title": "DRINK 1", "price": 5, "category": "Drink", "quantity": 1}, {"id": 2, "title": "DRINK 2", "price": 5, "category": "Drink", "quantity": 1}, {"id": 6, "title": "PRIMO 1", "price": 8, "category": "Primi", "quantity": 1}, {"id": 7, "title": "PRIMO 2", "price": 8, "category": "Primi", "quantity": 1}]',0,2,'2024-09-04 14:29:25.437631',NULL,NULL,'',0,NULL,NULL,NULL),
 (140,0,'','[{"id": 1, "title": "DRINK 1", "price": 5, "category": "Drink", "quantity": 1}]',0,2,'2024-09-04 15:03:02.424959',NULL,NULL,'',0,NULL,NULL,NULL),
 (141,1,'','[{"id": 1, "title": "DRINK 1", "price": 5, "iva": {"aliquota": 10, "description": "10%", "id": 1}, "category": "Drink", "quantity": 1}, {"id": 2, "title": "DRINK 2", "price": 5, "iva": {"aliquota": 10, "description": "10%", "id": 1}, "category": "Drink", "quantity": 1}, {"id": 3, "title": "DRINK 3", "price": 5, "iva": {"aliquota": 10, "description": "10%", "id": 1}, "category": "Drink", "quantity": 1}]',0,2,'2024-09-04 15:05:17.166514',NULL,NULL,'',0,NULL,NULL,NULL),
 (142,0,'','[{"id": 1, "title": "DRINK 1", "price": 5, "category": "Drink", "quantity": 1}]',0,2,'2024-09-04 15:06:20.439903',NULL,NULL,'',0,NULL,NULL,NULL),
 (143,0,'','[{"id": 1, "title": "DRINK 1", "price": 5, "category": "Drink", "quantity": 2}]',0,2,'2024-09-04 15:09:55.618064',NULL,NULL,'',0,NULL,NULL,NULL),
 (144,0,'','[{"id": 1, "title": "DRINK 1", "price": 5, "category": "Drink", "quantity": 1}, {"id": 2, "title": "DRINK 2", "price": 5, "category": "Drink", "quantity": 1}]',0,2,'2024-09-04 15:15:27.353303',NULL,NULL,'',0,NULL,NULL,NULL),
 (145,0,'','[{"id": 1, "title": "DRINK 1", "price": 5, "category": "Drink", "quantity": 1}, {"id": 2, "title": "DRINK 2", "price": 5, "category": "Drink", "quantity": 1}]',0,2,'2024-09-04 15:18:55.657248',NULL,NULL,'',0,NULL,NULL,NULL),
 (146,0,'','[{"id": 1, "title": "DRINK 1", "price": 5, "category": "Drink", "quantity": 2}]',0,2,'2024-09-04 15:19:48.816669',NULL,NULL,'',0,NULL,NULL,NULL),
 (147,0,'','[{"id": 2, "title": "DRINK 2", "price": 5, "category": "Drink", "quantity": 1}, {"id": 3, "title": "DRINK 3", "price": 5, "category": "Drink", "quantity": 1}]',0,2,'2024-09-04 15:20:50.033702',NULL,NULL,'',0,NULL,NULL,NULL),
 (148,0,'','[{"id": 4, "title": "DRINK 4", "price": 5, "category": "Drink", "quantity": 2}]',0,2,'2024-09-04 15:22:08.794878',NULL,NULL,'',0,NULL,NULL,NULL),
 (149,0,'','[{"id": 4, "title": "DRINK 4", "price": 5, "category": "Drink", "quantity": 1}]',0,2,'2024-09-04 15:23:58.227247',NULL,NULL,'',0,NULL,NULL,NULL),
 (150,0,'','[{"id": 1, "title": "DRINK 1", "price": 5, "category": "Drink", "quantity": 1}, {"id": 2, "title": "DRINK 2", "price": 5, "category": "Drink", "quantity": 1}]',0,2,'2024-09-04 15:51:42.446642',NULL,NULL,'',0,NULL,NULL,NULL),
 (151,0,'','[{"id": 1, "title": "DRINK 1", "price": 5, "category": "Drink", "quantity": 1}]',0,2,'2024-09-04 17:04:42.393262',NULL,NULL,'',0,NULL,NULL,NULL),
 (152,0,'','[{"id": 1, "title": "DRINK 1", "price": 5, "category": "Drink", "quantity": 1}]',0,2,'2024-09-04 17:25:07.779075',NULL,NULL,'',0,NULL,NULL,NULL),
 (153,0,'','[{"id": 1, "title": "DRINK 1", "price": 5, "category": "Drink", "quantity": 1}]',0,2,'2024-09-04 17:25:14.178437',NULL,NULL,'',0,NULL,NULL,NULL),
 (154,0,'','[{"id": 1, "title": "DRINK 1", "price": 5, "category": "Drink", "quantity": 1}]',0,2,'2024-09-04 17:25:28.895041',NULL,NULL,'',0,NULL,NULL,NULL),
 (155,0,'','[{"id": 1, "title": "DRINK 1", "price": 5, "category": "Drink", "quantity": 1}]',0,2,'2024-09-04 17:26:05.432585',NULL,NULL,'',0,NULL,NULL,NULL),
 (156,2,NULL,'[{"id": 6, "title": "PRIMO 1", "price": 8, "category": "Primi", "quantity": 1}, {"id": 7, "title": "PRIMO 2", "price": 8, "category": "Primi", "quantity": 1}]',0,2,'2024-09-04 17:37:53.058402',NULL,NULL,'',0,NULL,NULL,NULL),
 (157,0,'','[{"id": 6, "title": "PRIMO 1", "price": 8, "category": "Primi", "quantity": 2}, {"id": 1, "title": "DRINK 1", "price": 5, "category": "Drink", "quantity": 1}]',0,2,'2024-09-05 09:01:22.064325',NULL,NULL,'',0,NULL,NULL,NULL),
 (158,0,'','[]',0,2,'2024-09-05 11:07:58.218634',NULL,NULL,'',0,NULL,NULL,NULL),
 (159,0,'','[{"id": 1, "title": "DRINK 1", "price": 5, "category": "Drink", "quantity": 1}]',0,2,'2024-09-05 12:02:25.790855',NULL,NULL,'',0,NULL,NULL,NULL),
 (160,0,'','[{"id": 17, "title": "CAFFE''", "price": 1, "category": "Extra", "quantity": 1}]',0,2,'2024-09-05 12:04:03.141234',NULL,NULL,'',0,NULL,NULL,NULL),
 (161,0,'','[{"id": 18, "title": "AMARO", "price": 4, "category": "Extra", "quantity": 1}]',0,2,'2024-09-05 12:04:13.165811',NULL,NULL,'',0,NULL,NULL,NULL),
 (162,0,'','[{"id": 18, "title": "AMARO", "price": 4, "category": "Extra", "quantity": 1}]',0,2,'2024-09-05 12:05:50.553835',NULL,NULL,'',0,NULL,NULL,NULL),
 (163,0,'','[{"id": 18, "title": "AMARO", "price": 4, "category": "Extra", "quantity": 1}]',0,2,'2024-09-05 12:06:14.225254',NULL,NULL,'',0,NULL,NULL,NULL),
 (164,0,'','[{"id": 18, "title": "AMARO", "price": 4, "category": "Extra", "quantity": 1}]',0,2,'2024-09-05 12:06:53.755748',NULL,NULL,'',0,NULL,NULL,NULL),
 (165,0,'','[{"id": 18, "title": "AMARO", "price": 4, "category": "Extra", "quantity": 1}]',0,2,'2024-09-05 12:07:35.424688',NULL,NULL,'',0,NULL,NULL,NULL),
 (166,0,'','[{"id": 17, "title": "CAFFE''", "price": 1, "category": "Extra", "quantity": 1}]',0,2,'2024-09-05 12:11:54.270820',NULL,NULL,'',0,NULL,NULL,NULL),
 (167,0,'','[{"id": 17, "title": "CAFFE''", "price": 1, "category": "Extra", "quantity": 7}]',0,2,'2024-09-05 12:14:03.257000',NULL,NULL,'',0,NULL,NULL,NULL),
 (168,0,'','[{"id": 17, "title": "CAFFE''", "price": 1, "category": "Extra", "quantity": 1}]',0,2,'2024-09-05 12:16:08.349520',NULL,NULL,'',0,NULL,NULL,NULL),
 (169,0,'','[{"id": 17, "title": "CAFFE''", "price": 1, "category": "Extra", "quantity": 6}]',0,2,'2024-09-05 12:16:18.529872',NULL,NULL,'',0,NULL,NULL,NULL),
 (170,0,'','[{"id": 18, "title": "AMARO", "price": 4, "category": "Extra", "quantity": 1}]',0,2,'2024-09-05 12:16:59.870483',NULL,NULL,'',0,NULL,NULL,NULL),
 (171,0,'','[{"id": 18, "title": "AMARO", "price": 4, "category": "Extra", "quantity": 1}]',0,2,'2024-09-05 12:28:59.977294',NULL,NULL,'',0,NULL,NULL,NULL),
 (172,0,'','[{"id": 18, "title": "AMARO", "price": 4, "category": "Extra", "quantity": 1}]',0,2,'2024-09-05 12:30:56.244920',NULL,NULL,'',0,NULL,NULL,NULL),
 (173,0,'','[{"id": 18, "title": "AMARO", "price": 4, "category": "Extra", "quantity": 1}]',0,2,'2024-09-05 12:32:57.917419',NULL,NULL,'',0,NULL,NULL,NULL),
 (174,0,'','[{"id": 18, "title": "AMARO", "price": 4, "category": "Extra", "quantity": 1}]',0,2,'2024-09-05 12:33:30.961533',NULL,NULL,'',0,NULL,NULL,NULL),
 (175,0,'','[{"id": 18, "title": "AMARO", "price": 4, "category": "Extra", "quantity": 1}]',0,2,'2024-09-05 12:34:23.207460',NULL,NULL,'',0,NULL,NULL,NULL),
 (176,0,'','[{"id": 18, "title": "AMARO", "price": 4, "category": "Extra", "quantity": 1}]',0,2,'2024-09-05 12:34:44.407161',NULL,NULL,'',0,NULL,NULL,NULL),
 (177,0,'','[{"id": 18, "title": "AMARO", "price": 4, "category": "Extra", "quantity": 1}]',0,2,'2024-09-05 12:36:03.542665',NULL,NULL,'',0,NULL,NULL,NULL),
 (178,0,'','[{"id": 18, "title": "AMARO", "price": 4, "category": "Extra", "quantity": 1}]',0,2,'2024-09-05 12:40:03.783387',NULL,NULL,'',0,NULL,NULL,NULL),
 (179,0,'','[{"id": 18, "title": "AMARO", "price": 4, "category": "Extra", "quantity": 1}]',0,2,'2024-09-05 12:40:45.445781',NULL,NULL,'',0,NULL,NULL,NULL),
 (180,0,'','[{"id": 18, "title": "AMARO", "price": 4, "category": "Extra", "quantity": 1}]',0,2,'2024-09-05 12:44:21.169408',NULL,NULL,'',0,NULL,NULL,NULL),
 (181,0,'','[{"id": 18, "title": "AMARO", "price": 4, "category": "Extra", "quantity": 1}]',0,2,'2024-09-05 12:44:54.711149',NULL,NULL,'',0,NULL,NULL,NULL),
 (182,0,'','[{"id": 18, "title": "AMARO", "price": 4, "category": "Extra", "quantity": 1}]',0,2,'2024-09-05 12:46:47.075952',NULL,NULL,'',0,NULL,NULL,NULL),
 (183,0,'','[{"id": 18, "title": "AMARO", "price": 4, "category": "Extra", "quantity": 1}]',0,2,'2024-09-05 12:49:15.007056',NULL,NULL,'',0,NULL,NULL,NULL),
 (184,0,'','[{"id": 17, "title": "CAFFE''", "price": 1, "category": "Extra", "quantity": 1}, {"id": 18, "title": "AMARO", "price": 4, "category": "Extra", "quantity": 1}]',0,2,'2024-09-05 15:32:45.542495',NULL,NULL,'',0,NULL,NULL,NULL),
 (185,0,'','[{"id": 18, "title": "AMARO", "price": 4, "category": "Extra", "quantity": 1}]',0,2,'2024-09-05 15:33:53.728459',NULL,NULL,'',0,NULL,NULL,NULL),
 (186,0,'','[{"id": 19, "title": "Drink 1", "price": 5, "category": "DRINK", "quantity": 1}]',0,2,'2024-09-05 16:29:17.271225',2,'398ec4839ed98e7b27767b1853cf994c78d1395b','',0,NULL,NULL,NULL),
 (187,0,'','[{"id": 19, "title": "Drink 1", "price": 5, "category": "DRINK", "quantity": 1}]',0,2,'2024-09-05 16:31:24.757948',2,'b3772b919f054d969397529f2387d4ee2741c20c','',0,NULL,NULL,NULL),
 (188,0,'','[{"id": 19, "title": "Drink 1", "price": 5, "category": "DRINK", "quantity": 1}]',0,2,'2024-09-05 16:32:50.477616',2,'a621e0f14aaaa9029c8f59f1a51c1245c9bd383e','',0,NULL,NULL,NULL),
 (189,0,'','[{"id": 19, "title": "Drink 1", "price": 5, "category": "DRINK", "quantity": 1}]',0,2,'2024-09-05 16:34:27.649482',2,'bc9b3ce7d3df54f3c095a58c21b0257538203357','',0,NULL,NULL,NULL),
 (190,0,'','[{"id": 19, "title": "Drink 1", "price": 5, "category": "DRINK", "quantity": 1}]',0,2,'2024-09-05 16:52:35.896998',2,'720bff72009ebe845e38c3ccff47a4bc56c26b06','',0,NULL,NULL,NULL),
 (191,0,'','[{"id": 19, "title": "Drink 1", "price": 5, "category": "DRINK", "quantity": 1}]',0,2,'2024-09-05 18:16:46.489976',2,'31acbd9f90fd81d30f138b296d13d35b61e9ad40','',0,NULL,NULL,NULL),
 (192,0,'','[{"id": 19, "title": "Drink 1", "price": 5, "category": "DRINK", "quantity": 1}]',0,2,'2024-09-05 18:18:21.830844',2,'e26e8450d598f3e0687f358dc4215678d111c424','',0,NULL,NULL,NULL),
 (193,0,'','[{"id": 19, "title": "Drink 1", "price": 5, "category": "DRINK", "quantity": 1}]',0,2,'2024-09-05 18:19:32.332128',2,'8e5acd836990ee769ebff5d75e79f7af60d9cf63','',0,NULL,NULL,NULL),
 (194,0,'','[{"id": 19, "title": "Drink 1", "price": 5, "category": "DRINK", "quantity": 1}]',0,2,'2024-09-05 18:20:14.115299',2,'55280ab4abe7d6c46ab1f9c02ddb3ad68168de3c','',0,NULL,NULL,NULL),
 (195,0,'','[{"id": 19, "title": "Drink 1", "price": 5, "category": "DRINK", "quantity": 1}]',0,2,'2024-09-05 18:23:52.784572',2,'204c6bedd508909ec41b93664b9e51516686b922','',0,NULL,NULL,NULL),
 (196,0,'','[{"id": 19, "title": "Drink 1", "price": 5, "category": "DRINK", "quantity": 1}]',0,2,'2024-09-05 18:25:13.397104',2,'9fcb93051505edb0d335038364d38b89601e9b0a','',0,NULL,NULL,NULL),
 (197,0,'','[{"id": 19, "title": "Drink 1", "price": 5, "category": "DRINK", "quantity": 1}]',0,2,'2024-09-05 18:27:26.541041',2,'03badf6aadbb6fba16ec68d2928086ab3da029b8','',0,NULL,NULL,NULL),
 (198,0,'','[{"id": 19, "title": "Drink 1", "price": 5, "category": "DRINK", "quantity": 1}]',0,2,'2024-09-05 18:31:20.248566',2,'228b2ffdde49132fc825286c7495ddb03b9760c1','',0,NULL,NULL,NULL),
 (199,0,'','[{"id": 19, "title": "Drink 1", "price": 5, "category": "DRINK", "quantity": 1}]',0,2,'2024-09-05 18:32:04.559619',2,'a797ac99ac584d191262d2f8e1a27815904e306a','',0,NULL,NULL,NULL),
 (200,0,'','[{"id": 19, "title": "Drink 1", "price": 5, "category": "DRINK", "quantity": 1}]',0,2,'2024-09-05 18:32:47.599460',2,'b09c9e1dca66a065f19f1aeab3fb96550ee5617f','',0,NULL,NULL,NULL),
 (201,0,'','[{"id": 19, "title": "Drink 1", "price": 5, "category": "DRINK", "quantity": 1}]',0,2,'2024-09-05 18:46:32.961541',2,'20bb99031c2e2a8d45670af1fa8556dad6912f02','',0,NULL,NULL,NULL),
 (202,0,'','[{"id": 19, "title": "Drink 1", "price": 5, "category": "DRINK", "quantity": 1}]',0,2,'2024-09-05 18:48:28.494269',2,'559398844b06676bac2a353cac2531a9593ee3ab','',0,NULL,NULL,NULL),
 (203,0,'','[{"id": 19, "title": "Drink 1", "price": 5, "category": "DRINK", "quantity": 1}]',0,2,'2024-09-05 18:52:13.271212',2,'c9eac092b0b48c8c7f7b79532c91178b033d23e9','',0,NULL,NULL,NULL),
 (204,0,'','[{"id": 19, "title": "Drink 1", "price": 5, "category": "DRINK", "quantity": 1}]',0,2,'2024-09-05 18:53:33.159119',2,'f326aa60d745e0981df79365eeb970f1028d9fc3','',0,NULL,NULL,NULL),
 (205,0,'','[{"id": 19, "title": "Drink 1", "price": 5, "category": "DRINK", "quantity": 1}]',0,2,'2024-09-05 18:54:35.117840',2,'b9fe0850286be7cd41fb6bab06be3d1e72e7a335','',0,NULL,NULL,NULL),
 (206,0,'','[{"id": 19, "title": "Drink 1", "price": 5, "category": "DRINK", "quantity": 1}]',0,2,'2024-09-05 18:56:00.038944',2,'e3ac1130ff819de2bdd4b598600eccd8948a9076','',0,NULL,NULL,NULL),
 (207,0,'','[{"id": 19, "title": "Drink 1", "price": 5, "category": "DRINK", "quantity": 1}]',0,2,'2024-09-05 18:59:14.156083',2,'f790c4c4eb94203e400e0d3c530eada1b05d492f','',0,NULL,NULL,NULL),
 (208,0,'','[{"id": 19, "title": "Drink 1", "price": 5, "category": "DRINK", "quantity": 1}]',0,2,'2024-09-05 19:03:46.008749',2,'c74e1959941f8ed6df06d0903ce10c97fbd35605','',0,NULL,NULL,NULL),
 (209,0,'','[{"id": 19, "title": "Drink 1", "price": 5, "iva": {"aliquota": 10, "description": "10%", "id": 3}, "category": "DRINK", "quantity": 1}]',0,2,'2024-09-05 19:12:01.648370',NULL,NULL,'',0,NULL,NULL,NULL),
 (210,0,'','[{"id": 19, "title": "Drink 1", "price": 5, "iva": {"aliquota": 10, "description": "10%", "id": 3}, "category": "DRINK", "quantity": 1}]',0,2,'2024-09-05 19:16:54.669818',2,'4e3deb7e5eee370cd8a8a8a387aa38f768bd441d','',0,NULL,NULL,NULL),
 (211,0,'','[{"id": 19, "title": "Drink 1", "price": 5, "iva": {"aliquota": 10, "description": "10%", "id": 3}, "category": "DRINK", "quantity": 1}]',0,2,'2024-09-05 19:17:40.908088',2,'68549d65e718574e16a5f59c0906cdb23f77d31d','',0,NULL,NULL,NULL),
 (212,12,NULL,'[{"id": 19, "title": "Drink 1", "price": 5, "iva": {"aliquota": 10, "description": "10%", "id": 3}, "category": "DRINK", "quantity": 2}]',0,2,'2024-09-05 19:30:24.803431',NULL,NULL,'',0,NULL,NULL,NULL),
 (214,0,'','[{"id": 19, "title": "Drink 1", "price": 5, "iva": {"aliquota": 10, "description": "10%", "id": 3}, "category": "DRINK", "quantity": 1}]',0,2,'2024-09-06 09:03:38.451924',2,'536c6acec1074272cbc651fe43abe40f018f2358','',0,NULL,NULL,NULL),
 (215,0,'','[{"id": 19, "title": "Drink 1", "price": 5, "iva": {"aliquota": 10, "description": "10%", "id": 3}, "category": "DRINK", "quantity": 1}]',0,2,'2024-09-06 09:33:50.611221',2,'84af876da77ab3ac05d126ef93b011606dc8a4da','',0,NULL,NULL,NULL),
 (216,0,'','[{"id": 19, "title": "Drink 1", "price": 5, "iva": {"aliquota": 10, "description": "10%", "id": 3}, "category": "DRINK", "quantity": 1}]',0,2,'2024-09-06 09:34:18.673022',2,'9fd82d0295ca100fb400b86e686276a2c8e6ae39','',0,NULL,NULL,NULL),
 (217,0,'','[{"id": 19, "title": "Drink 1", "price": 5, "iva": {"aliquota": 10, "description": "10%", "id": 3}, "category": "DRINK", "quantity": 1}]',0,2,'2024-09-06 09:46:28.188241',2,'25249af10f8015e73f96473db597983bddbc097e','',0,NULL,NULL,NULL),
 (218,0,'','[{"id": 19, "title": "Drink 1", "price": 5, "iva": {"aliquota": 10, "description": "10%", "id": 3}, "category": "DRINK", "quantity": 1}]',0,2,'2024-09-06 10:10:57.393375',2,'d6e495f370ab14aa9c9e5a1b84b7200ad4df2c2e','',0,NULL,NULL,NULL),
 (219,0,'','[{"id": 19, "title": "Drink 1", "price": 5, "iva": {"aliquota": 10, "description": "10%", "id": 3}, "category": "DRINK", "quantity": 1}]',0,2,'2024-09-06 10:12:48.466203',2,'57d69d4b5fb1e7b9d116afd9ba7803006272498e','',0,NULL,NULL,NULL),
 (220,0,'','[{"id": 19, "title": "Drink 1", "price": 5, "iva": {"aliquota": 10, "description": "10%", "id": 3}, "category": "DRINK", "quantity": 1}]',0,2,'2024-09-06 10:13:49.635600',2,'7a8e2a348610727c7b537ee92a9f21fb346fb69b','',0,NULL,NULL,NULL),
 (221,0,'','[{"id": 19, "title": "Drink 1", "price": 5, "iva": {"aliquota": 10, "description": "10%", "id": 3}, "category": "DRINK", "quantity": 1}]',0,2,'2024-09-06 10:14:34.644751',2,'ddd56f40f24d7466b44ad2b8e1c6c5335f26753c','',0,NULL,NULL,NULL),
 (222,0,'','[{"id": 19, "title": "Drink 1", "price": 5, "iva": {"aliquota": 10, "description": "10%", "id": 3}, "category": "DRINK", "quantity": 1}]',0,2,'2024-09-06 10:16:33.998340',2,'2fad3f72aba1113cebf5b8eb58a55388527b23da','',0,NULL,NULL,NULL),
 (223,0,'','[{"id": 19, "title": "Drink 1", "price": 5, "iva": {"aliquota": 10, "description": "10%", "id": 3}, "category": "DRINK", "quantity": 1}]',0,2,'2024-09-06 10:17:19.345084',2,'e7c632828b71fab71e1a9050cfcc7601ba783793','',0,NULL,NULL,NULL),
 (224,0,'','[{"id": 19, "title": "Drink 1", "price": 5, "iva": {"aliquota": 10, "description": "10%", "id": 3}, "category": "DRINK", "quantity": 1}]',0,2,'2024-09-06 12:20:37.436072',2,'ea917953b1c2ea907a2527a6c8d06ac772270bf6','',0,NULL,NULL,NULL),
 (225,0,'','[{"id": 19, "title": "Drink 1", "price": 5, "iva": {"aliquota": 10, "description": "10%", "id": 3}, "category": "DRINK", "quantity": 1}]',0,2,'2024-09-06 12:21:29.735739',2,'8332e14819892fe5d7dafbf1280f197086fa48bd','',0,NULL,NULL,NULL),
 (226,0,'','[{"id": 19, "title": "Drink 1", "price": 5, "iva": {"aliquota": 10, "description": "10%", "id": 3}, "category": "DRINK", "quantity": 1}]',0,2,'2024-09-06 12:22:20.527045',2,'b1d914716d7540a6d33e2f74276a21e0f1e34b16','',0,NULL,NULL,NULL),
 (227,0,'','[{"id": 19, "title": "Drink 1", "price": 5, "iva": {"aliquota": 10, "description": "10%", "id": 3}, "category": "DRINK", "quantity": 1}]',0,2,'2024-09-09 18:45:52.545657',2,'96b720ddbfee59a9cd94f28a84922cc739c40409','',0,NULL,NULL,NULL),
 (228,0,'','[{"id": 19, "title": "Drink 1", "price": 5, "iva": {"aliquota": 10, "description": "10%", "id": 3}, "category": "DRINK", "quantity": 1}]',0,2,'2024-09-09 18:47:39.795920',2,'a495599a621156ea0776fe2f4aff33d4ba4f5fd9','',0,NULL,NULL,NULL),
 (229,0,'','[{"id": 19, "title": "Drink 1", "price": 5, "iva": {"aliquota": 10, "description": "10%", "id": 3}, "category": "DRINK", "quantity": 1}]',0,2,'2024-09-09 18:50:42.390800',2,'cf97a60b2282003e4f8b90cb937babba27f53e42','',0,NULL,NULL,NULL),
 (230,0,'','[{"id": 19, "title": "Drink 1", "price": 5, "iva": {"aliquota": 10, "description": "10%", "id": 3}, "category": "DRINK", "quantity": 1}]',0,2,'2024-09-09 18:54:53.222583',2,'b99c205603e95e9d12afacbe88649db315ec9d30','',0,NULL,NULL,NULL),
 (231,0,'','[{"id": 19, "title": "Drink 1", "price": 5, "iva": {"aliquota": 10, "description": "10%", "id": 3}, "category": "DRINK", "quantity": 1}]',0,2,'2024-09-09 18:58:33.146798',2,'14592bb05024063761f2f8bed6d7c2f2b4590099','',0,NULL,NULL,NULL),
 (232,0,'','[{"id": 19, "title": "Drink 1", "price": 5, "iva": {"aliquota": 10, "description": "10%", "id": 3}, "category": "DRINK", "quantity": 3}]',0,2,'2024-09-09 18:59:06.514196',2,'88758c5946c1b6e9de56d39a9dc3b70954544004','',0,NULL,NULL,NULL),
 (233,0,'','[{"id": 19, "title": "Drink 1", "price": 5, "iva": {"aliquota": 10, "description": "10%", "id": 3}, "category": "DRINK", "quantity": 1}]',0,2,'2024-09-09 19:04:43.374114',2,'95e9b2d8d840ad9e0483a82350862c0bd4f11dd4','',0,NULL,NULL,NULL),
 (234,0,'','[{"id": 19, "title": "Drink 1", "price": 5, "iva": {"aliquota": 10, "description": "10%", "id": 3}, "category": "DRINK", "quantity": 1}]',0,2,'2024-09-09 19:05:40.901741',2,'c4a2130722192c6dd242beeec78966b92ee60529','',0,NULL,NULL,NULL),
 (235,0,'','[{"id": 19, "title": "Drink 1", "price": 5, "iva": {"aliquota": 10, "description": "10%", "id": 3}, "category": "DRINK", "quantity": 1}]',0,2,'2024-09-09 19:05:59.854201',2,'5e922db64da98045877b56560f5efd71a1f87aed','',0,NULL,NULL,NULL),
 (236,0,'','[{"id": 19, "title": "Drink 1", "price": 5, "iva": {"aliquota": 10, "description": "10%", "id": 3}, "category": "DRINK", "quantity": 1}]',0,2,'2024-09-09 19:07:33.067899',2,'86d175d6d51229326ba922345781748e035024eb','',0,NULL,NULL,NULL),
 (237,0,'','[{"id": 19, "title": "Drink 1", "price": 5, "iva": {"aliquota": 10, "description": "10%", "id": 3}, "category": "DRINK", "quantity": 1}]',0,2,'2024-09-09 19:08:03.440085',2,'38c8f82012b6bcead488e0daa4c07f51defacbbc','',0,NULL,NULL,NULL),
 (238,0,'','[{"id": 19, "title": "Drink 1", "price": 5, "iva": {"aliquota": 10, "description": "10%", "id": 3}, "category": "DRINK", "quantity": 1}]',0,2,'2024-09-09 19:08:42.505597',2,'11b34f5657a8b9c7bdbb3709bcf6f0308826c1e0','',0,NULL,NULL,NULL),
 (239,0,'','[{"id": 19, "title": "Drink 1", "price": 5, "iva": {"aliquota": 10, "description": "10%", "id": 3}, "category": "DRINK", "quantity": 1}]',0,2,'2024-09-09 19:09:02.896952',2,'830549d0b5ee6c9e8488da0bb82aac016f8fa896','',0,NULL,NULL,NULL),
 (240,0,'','[{"id": 19, "title": "Drink 1", "price": 5, "iva": {"aliquota": 10, "description": "10%", "id": 3}, "category": "DRINK", "quantity": 2}]',0,2,'2024-09-09 19:10:10.368713',2,'d5c43372856008b1b1206f0075b725a327180102','',0,NULL,NULL,NULL),
 (241,0,'','[{"id": 19, "title": "Drink 1", "price": 5, "iva": {"aliquota": 10, "description": "10%", "id": 3}, "category": "DRINK", "quantity": 1}]',0,2,'2024-09-09 19:10:38.758342',2,'ab8c6579a4383d310c46ae399dcec7ee5d28a5df','',0,NULL,NULL,NULL),
 (242,0,'','[{"id": 19, "title": "Drink 1", "price": 5, "iva": {"aliquota": 10, "description": "10%", "id": 3}, "category": "DRINK", "quantity": 1}]',0,2,'2024-09-09 19:10:45.558574',2,'857c6888827942fe339a40ff5652e26102a11f29','',0,NULL,NULL,NULL),
 (243,0,'','[{"id": 19, "title": "Drink 1", "price": 5, "iva": {"aliquota": 10, "description": "10%", "id": 3}, "category": "DRINK", "quantity": 1}]',0,2,'2024-09-09 19:16:07.871709',2,'dcb6357f09113365b072d2c974e69e3682b25c4f','',0,NULL,NULL,NULL),
 (244,1,'','[{"id": 1, "title": "DRINK 1", "price": 5, "iva": {"aliquota": 10, "description": "10%", "id": 1}, "category": "Drink", "quantity": 2}]',0,2,'2024-09-10 12:23:56.415796',1,'b4657eb095394768f1e06841eb70ed8f506b266e','',0,NULL,NULL,NULL),
 (246,0,'','[{"id": "156cc9b3-b4ae-41af-9a3a-13990fe47039", "title": "Articolo Generico", "price": "4", "category": "Categoria Generica", "quantity": 1}]',0,2,'2024-09-10 12:26:02.704202',1,'f3542e2b0332fbab05e908f4965ee793cdcf4f91','',0,NULL,NULL,NULL),
 (247,12,'','[{"id": 19, "title": "Drink 1", "price": 5, "iva": {"aliquota": 10, "description": "10%", "id": 3}, "category": "DRINK", "quantity": 2}]',0,2,'2024-09-10 18:18:54.492046',2,'22ba8d13462e88d8f8a22735029bbd7ecef1f2ad','',0,NULL,NULL,NULL),
 (248,0,'','[{"id": 19, "title": "Drink 1", "price": 5, "iva": {"aliquota": 10, "description": "10%", "id": 3}, "category": "DRINK", "quantity": 2}]',0,2,'2024-09-10 18:19:35.534615',2,'17930acefc5177edbdb46debf0dbcd7e5b959bfb','',0,NULL,NULL,NULL),
 (249,0,'','[{"id": 1, "title": "DRINK 1", "price": 5, "iva": {"aliquota": 10, "description": "10%", "id": 1}, "category": "Drink", "quantity": 2}, {"id": 7, "title": "PRIMO 2", "price": 8, "iva": {"aliquota": 10, "description": "10%", "id": 1}, "category": "Primi", "quantity": 2}]',0,2,'2024-09-10 18:21:10.654260',NULL,NULL,'',0,NULL,NULL,NULL),
 (250,0,'','[{"id": 19, "title": "Drink 1", "price": 5, "iva": {"aliquota": 10, "description": "10%", "id": 3}, "category": "DRINK", "quantity": 1}]',0,2,'2024-09-10 18:27:48.211916',2,'03ac258634c134923847b858b9cf2687da9c4a70','',0,NULL,NULL,NULL),
 (251,1,'','[{"id": 1, "title": "DRINK 1", "price": 5, "iva": {"aliquota": 10, "description": "10%", "id": 1}, "category": "Drink", "quantity": 1, "printer": "192.168.1.141"}, {"id": 2, "title": "DRINK 2", "price": 5, "iva": {"aliquota": 10, "description": "10%", "id": 1}, "category": "Drink", "quantity": 1, "printer": "192.168.1.141"}]',0,0,'2024-09-10 18:40:42.498182',NULL,NULL,'',0,NULL,NULL,NULL),
 (252,12,'','[{"id": 19, "title": "Drink 1", "price": 5, "iva": {"aliquota": 10, "description": "10%", "id": 3}, "category": "DRINK", "quantity": 1}]',0,2,'2024-09-10 18:41:03.698035',2,'0bcd09332ee8a352d858f9a632b65c79166e6ef8','',0,NULL,NULL,NULL),
 (253,0,'','[{"id": 19, "title": "Drink 1", "price": 5, "iva": {"aliquota": 10, "description": "10%", "id": 3}, "category": "DRINK", "quantity": 2}]',0,2,'2024-09-10 18:46:52.723039',1,NULL,'',0,NULL,NULL,NULL),
 (254,3,NULL,'[{"id": 2, "title": "DRINK 2", "price": 5, "iva": {"aliquota": 10, "description": "10%", "id": 1}, "category": "Drink", "quantity": 2}]',0,2,'2024-09-10 18:48:13.891370',1,NULL,'',0,NULL,NULL,NULL),
 (255,12,'','[{"id": 19, "title": "Drink 1", "price": 5, "iva": {"aliquota": 10, "description": "10%", "id": 3}, "category": "DRINK", "quantity": 1}]',0,2,'2024-09-10 19:01:12.826405',2,NULL,'',0,NULL,NULL,NULL),
 (256,0,'','[{"id": 19, "title": "Drink 1", "price": 5, "iva": {"aliquota": 10, "description": "10%", "id": 3}, "category": "DRINK", "quantity": 2}]',0,2,'2024-09-11 09:13:07.162048',2,'0f255b03c7338dac10f0c23dc6e3828049870059','',0,NULL,NULL,NULL),
 (257,12,'','[{"id": 19, "title": "Drink 1", "price": 5, "iva": {"aliquota": 10, "description": "10%", "id": 3}, "category": "DRINK", "quantity": 2}]',0,2,'2024-09-11 09:41:41.031141',2,'FACSIMILE947914','',0,NULL,NULL,NULL),
 (258,0,'','[{"id": 19, "title": "Drink 1", "price": 5, "iva": {"aliquota": 10, "description": "10%", "id": 3}, "category": "DRINK", "quantity": 2}]',0,2,'2024-09-11 09:44:26.717895',2,'FACSIMILE290773','',0,NULL,NULL,NULL),
 (259,0,'','[{"id": 19, "title": "Drink 1", "price": 5, "iva": {"aliquota": 10, "description": "10%", "id": 3}, "category": "DRINK", "quantity": 2}]',0,2,'2024-09-11 09:46:08.610367',2,'89ff9db2d88bfdaa67f88d8feb6d3a26585d45d3','FACSIMILE972270',0,NULL,NULL,NULL),
 (260,0,'','[{"id": 19, "title": "Drink 1", "price": 5, "iva": {"aliquota": 10, "description": "10%", "id": 3}, "category": "DRINK", "quantity": 2}]',0,2,'2024-09-11 09:46:18.374142',2,'0a05a4e03ed9a31f9f2cb3dc43307085d59ade08','FACSIMILE920805',0,NULL,NULL,NULL),
 (261,0,'','[{"id": 19, "title": "Drink 1", "price": 5, "iva": {"aliquota": 10, "description": "10%", "id": 3}, "category": "DRINK", "quantity": 1}]',0,2,'2024-09-11 09:46:38.474453',2,'dfdf6c6734c1f5ae7ba432992bf8269f4cf105d5','FACSIMILE886909',0,NULL,NULL,NULL),
 (262,0,'','[{"id": 19, "title": "Drink 1", "price": 5, "iva": {"aliquota": 10, "description": "10%", "id": 3}, "category": "DRINK", "quantity": 2}]',0,2,'2024-09-11 10:08:07.851894',2,'f141e5089ff0ffdbd82d00db384c84bf62b316ae','FACSIMILE030671',0,NULL,NULL,NULL),
 (263,0,'','[{"id": 19, "title": "Drink 1", "price": 5, "iva": {"aliquota": 10, "description": "10%", "id": 3}, "category": "DRINK", "quantity": 2}]',0,2,'2024-09-11 10:08:32.651808',2,'859b4de70316edccf6023454efb74ae6905fc4ea','FACSIMILE935761',0,NULL,NULL,NULL),
 (264,0,'','[{"id": 19, "title": "Drink 1", "price": 5, "iva": {"aliquota": 10, "description": "10%", "id": 3}, "category": "DRINK", "quantity": 2}]',0,2,'2024-09-11 12:33:35.693381',2,'fbb9ba176f3e38f38d2dc0b8515f4422a3c59ff7','FACSIMILE658079',0,0.90909090909091,10.0,'CONTANTI'),
 (265,0,'','[{"id": 19, "title": "Drink 1", "price": 5, "iva": {"aliquota": 10, "description": "10%", "id": 3}, "category": "DRINK", "quantity": 2}]',0,2,'2024-09-12 11:08:44.675507',2,'0d7d1bea8756306465b9c40dad8c1201068a2dfc','FACSIMILE750340',0,0.90909090909091,10.0,'CONTANTI'),
 (266,12,'','[{"id": 19, "title": "Drink 1", "price": 5, "iva": {"aliquota": 10, "description": "10%", "id": 3}, "category": "DRINK", "quantity": 1}, {"id": 20, "title": "PIZZA MARGHERITA", "price": 6, "iva": {"aliquota": 10, "description": "10%", "id": 3}, "category": "PRIMI", "quantity": 1}]',0,2,'2024-09-12 11:10:02.711786',2,NULL,'FACSIMILE215789',0,0.0,0.0,''),
 (267,0,'','[{"id": "8eaa2c97-a63e-4534-8d82-35b0968dd714", "title": "Articolo Generico", "price": "85", "category": "Categoria Generica", "quantity": 1}]',0,2,'2024-09-12 11:14:44.281455',2,'224a38da65519022be119b3169b4df683da229d9','',0,7.72727272727273,85.0,'CONTANTI'),
 (268,0,'','[{"id": "8eaa2c97-a63e-4534-8d82-35b0968dd714", "title": "Articolo Generico", "price": "85", "category": "Categoria Generica", "quantity": 1}]',0,2,'2024-09-12 11:14:44.312684',2,'510659e4f92cb2507f24c01f8380fef5f413e679','',0,7.72727272727273,85.0,'CONTANTI'),
 (269,0,'','[{"id": "8eaa2c97-a63e-4534-8d82-35b0968dd714", "title": "Articolo Generico", "price": "85", "category": "Categoria Generica", "quantity": 1}]',0,2,'2024-09-12 11:14:44.343932',2,'32b6af3a0035decac0577f0903730b164a79c066','',0,7.72727272727273,85.0,'CONTANTI'),
 (270,13,NULL,'[{"id": 20, "title": "PIZZA MARGHERITA", "price": 6, "iva": {"aliquota": 10, "description": "10%", "id": 3}, "category": "PRIMI", "quantity": 2}]',0,2,'2024-09-12 11:17:41.350422',2,NULL,'FACSIMILE520377',0,NULL,NULL,NULL),
 (271,13,'','[{"id": 20, "title": "PIZZA MARGHERITA", "price": 6, "iva": {"aliquota": 10, "description": "10%", "id": 3}, "category": "PRIMI", "quantity": 3}, {"id": 19, "title": "Drink 1", "price": 5, "iva": {"aliquota": 10, "description": "10%", "id": 3}, "category": "DRINK", "quantity": 2}]',0,2,'2024-09-12 11:29:57.215606',2,NULL,'FACSIMILE614010',0,NULL,NULL,NULL),
 (272,0,'','[{"id": 19, "title": "Drink 1", "price": 5, "iva": {"aliquota": 10, "description": "10%", "id": 3}, "category": "DRINK", "quantity": 2}]',0,2,'2024-09-12 12:11:08.405475',2,'43ede873bf284af058ad5d7e1ad75578b3b101e8','FACSIMILE855979',0,0.90909090909091,10.0,'CONTANTI'),
 (273,13,'','[{"id": 19, "title": "Drink 1", "price": 5, "iva": {"aliquota": 10, "description": "10%", "id": 3}, "category": "DRINK", "quantity": 3}]',0,2,'2024-09-12 12:18:09.703360',2,'ff556da87147bc380f4475bc9b0e0bac6b8aab2c','FACSIMILE467153',0,1.36363636363637,15.0,'CONTANTI'),
 (274,0,'','[{"id": 19, "title": "Drink 1", "price": 5, "iva": {"aliquota": 10, "description": "10%", "id": 3}, "category": "DRINK", "quantity": 2}]',0,2,'2024-09-12 12:18:29.272579',2,'718b0584fd8fff441b2c8d6d7d159c11f1f294d7','FACSIMILE241563',0,0.90909090909091,10.0,'CONTANTI'),
 (275,0,'','[{"id": 19, "title": "Drink 1", "price": 5, "iva": {"aliquota": 10, "description": "10%", "id": 3}, "category": "DRINK", "quantity": 1}]',0,2,'2024-09-12 12:20:18.522342',2,'1de61565fcb75181bf54f39c71198de0b7440f37','FACSIMILE747389',0,0.454545454545455,5.0,'PAGAMENTO ELETTRONICO'),
 (276,12,'','[{"id": 19, "title": "Drink 1", "price": 5, "iva": {"aliquota": 10, "description": "10%", "id": 3}, "category": "DRINK", "quantity": 1}, {"id": 20, "title": "PIZZA MARGHERITA", "price": 6, "iva": {"aliquota": 10, "description": "10%", "id": 3}, "category": "PRIMI", "quantity": 1}]',0,2,'2024-09-12 12:20:35.882470',2,NULL,'FACSIMILE094548',0,0.0,0.0,''),
 (277,0,'','[{"id": 19, "title": "Drink 1", "price": 5, "iva": {"aliquota": 10, "description": "10%", "id": 3}, "category": "DRINK", "quantity": 2}, {"id": 20, "title": "PIZZA MARGHERITA", "price": 6, "iva": {"aliquota": 10, "description": "10%", "id": 3}, "category": "PRIMI", "quantity": 1}]',0,2,'2024-09-12 12:23:32.958442',2,'2a5939b731037c0e083098459eb734f23bea293b','FACSIMILE190363',0,1.45454545454546,16.0,'PAGAMENTO ELETTRONICO'),
 (278,0,'','[{"id": 20, "title": "PIZZA MARGHERITA", "price": 6, "iva": {"aliquota": 10, "description": "10%", "id": 3}, "category": "PRIMI", "quantity": 1}, {"id": 19, "title": "Drink 1", "price": 5, "iva": {"aliquota": 10, "description": "10%", "id": 3}, "category": "DRINK", "quantity": 1}]',0,2,'2024-09-12 12:24:23.725543',2,'176bee156b071593dc452b1a9d67839704224a34','FACSIMILE854065',0,1.0,11.0,'PAGAMENTO ELETTRONICO'),
 (279,0,'','[{"id": 19, "title": "Drink 1", "price": 5, "iva": {"aliquota": 10, "description": "10%", "id": 3}, "category": "DRINK", "quantity": 2}]',0,2,'2024-09-12 12:26:14.453122',2,'81e0a0aae8dcee251f0c62fca85deacca3efa0f0','FACSIMILE256319',0,0.90909090909091,10.0,'PAGAMENTO ELETTRONICO'),
 (280,0,'','[{"id": 19, "title": "Drink 1", "price": 5, "iva": {"aliquota": 10, "description": "10%", "id": 3}, "category": "DRINK", "quantity": 1}, {"id": 20, "title": "PIZZA MARGHERITA", "price": 6, "iva": {"aliquota": 10, "description": "10%", "id": 3}, "category": "PRIMI", "quantity": 1}]',0,2,'2024-09-12 12:31:06.704078',2,'6c129366a401dd2ebde404904b5782cf56d897ae','FACSIMILE863792',0,1.0,11.0,'PAGAMENTO ELETTRONICO'),
 (281,0,'','[{"id": 19, "title": "Drink 1", "price": 5, "iva": {"aliquota": 10, "description": "10%", "id": 3}, "category": "DRINK", "quantity": 2}]',0,2,'2024-09-12 12:36:12.328236',2,'75e92d8f3c2d3a669857462f7ccd297b0a1b05a3','FACSIMILE529079',0,0.90909090909091,10.0,'PAGAMENTO ELETTRONICO'),
 (282,0,'','[{"id": 20, "title": "PIZZA MARGHERITA", "price": 6, "iva": {"aliquota": 10, "description": "10%", "id": 3}, "category": "PRIMI", "quantity": 1}]',0,2,'2024-09-12 12:37:02.949155',2,NULL,'FACSIMILE845446',0,0.0,0.0,''),
 (283,0,'','[{"id": 20, "title": "PIZZA MARGHERITA", "price": 6, "iva": {"aliquota": 10, "description": "10%", "id": 3}, "category": "PRIMI", "quantity": 1}]',0,2,'2024-09-12 12:40:02.648653',2,'07565532ae2021c4d9a465db04380826549260db','FACSIMILE322846',0,0.545454545454546,6.0,'PAGAMENTO ELETTRONICO'),
 (284,0,'','[{"id": 20, "title": "PIZZA MARGHERITA", "price": 6, "iva": {"aliquota": 10, "description": "10%", "id": 3}, "category": "PRIMI", "quantity": 1}]',0,2,'2024-09-12 12:40:44.464170',2,'527d675b805803e7906e20c442b21c58dbc26e28','FACSIMILE421998',0,0.545454545454546,6.0,'PAGAMENTO ELETTRONICO'),
 (285,0,'','[{"id": 20, "title": "PIZZA MARGHERITA", "price": 6, "iva": {"aliquota": 10, "description": "10%", "id": 3}, "category": "PRIMI", "quantity": 1}]',0,2,'2024-09-12 12:41:34.451260',2,'87d2227f55079a15303f9fd7770100c110697cc1','FACSIMILE195413',0,0.545454545454546,6.0,'CONTANTI'),
 (286,0,'','[{"id": 20, "title": "PIZZA MARGHERITA", "price": 6, "iva": {"aliquota": 10, "description": "10%", "id": 3}, "category": "PRIMI", "quantity": 1}]',0,2,'2024-09-12 12:42:46.425609',2,'f51ba779ec246d40e10c42a5309471affbabb07b','FACSIMILE122572',0,0.545454545454546,6.0,'PAGAMENTO ELETTRONICO'),
 (287,0,'','[{"id": 20, "title": "PIZZA MARGHERITA", "price": 6, "iva": {"aliquota": 10, "description": "10%", "id": 3}, "category": "PRIMI", "quantity": 1}]',0,2,'2024-09-12 12:44:06.547647',2,'f14d26dba27f6484b9488c6c6e2b58f8469f199a','FACSIMILE950990',0,0.545454545454546,6.0,'PAGAMENTO ELETTRONICO'),
 (288,0,'','[{"id": 20, "title": "PIZZA MARGHERITA", "price": 6, "iva": {"aliquota": 10, "description": "10%", "id": 3}, "category": "PRIMI", "quantity": 1}]',0,2,'2024-09-12 12:45:14.319265',2,'ddc8ce28f31b3bdafc9824dac6916d58969f5898','FACSIMILE687164',0,0.545454545454546,6.0,'CONTANTI'),
 (289,0,'','[{"id": 20, "title": "PIZZA MARGHERITA", "price": 6, "iva": {"aliquota": 10, "description": "10%", "id": 3}, "category": "PRIMI", "quantity": 1}]',0,2,'2024-09-12 12:47:42.880318',2,'5945f7a043eeca3f6c7e2b20a0da8690a17cba19','FACSIMILE926165',0,0.545454545454546,6.0,'PAGAMENTO ELETTRONICO'),
 (290,0,'','[{"id": 20, "title": "PIZZA MARGHERITA", "price": 6, "iva": {"aliquota": 10, "description": "10%", "id": 3}, "category": "PRIMI", "quantity": 1}]',0,2,'2024-09-12 12:51:18.545403',2,'5a6f574eb4d15778d9033f329225ac669497f1cd','FACSIMILE499883',0,0.545454545454546,6.0,'PAGAMENTO ELETTRONICO'),
 (291,0,'','[{"id": 19, "title": "Drink 1", "price": 5, "iva": {"aliquota": 10, "description": "10%", "id": 3}, "category": "DRINK", "quantity": 1}]',0,2,'2024-09-12 12:53:09.483082',2,'bfb65c5568ff157a647df57d13b30eb213af2bc5','FACSIMILE220909',0,0.454545454545455,5.0,'CONTANTI'),
 (292,0,'','[{"id": 19, "title": "Drink 1", "price": 5, "iva": {"aliquota": 10, "description": "10%", "id": 3}, "category": "DRINK", "quantity": 1}]',0,2,'2024-09-12 12:55:23.921799',2,'512ee08b6a1fa2b880c6925d71d0fee2ea0ca871','FACSIMILE573806',0,0.454545454545455,5.0,'PAGAMENTO ELETTRONICO'),
 (293,0,'','[{"id": 19, "title": "Drink 1", "price": 5, "iva": {"aliquota": 10, "description": "10%", "id": 3}, "category": "DRINK", "quantity": 1}]',0,2,'2024-09-12 12:56:05.762063',2,'0e84c53c36c174a65a7f7897cdec040c773ee339','FACSIMILE868177',0,0.454545454545455,5.0,'PAGAMENTO ELETTRONICO'),
 (294,0,'','[{"id": 19, "title": "Drink 1", "price": 5, "iva": {"aliquota": 10, "description": "10%", "id": 3}, "category": "DRINK", "quantity": 1}]',0,2,'2024-09-12 12:58:37.375002',2,'4e627e3dc95bffce7aa2da925f72ea9c249efde0','FACSIMILE488123',0,0.454545454545455,5.0,'PAGAMENTO ELETTRONICO'),
 (295,0,'','[{"id": 19, "title": "Drink 1", "price": 5, "iva": {"aliquota": 10, "description": "10%", "id": 3}, "category": "DRINK", "quantity": 2}]',0,2,'2024-09-12 12:59:23.946656',2,'e90c7019efb319059f12e573774f2dc29c35d7e6','FACSIMILE448169',0,0.90909090909091,10.0,'PAGAMENTO ELETTRONICO'),
 (296,0,'','[{"id": 19, "title": "Drink 1", "price": 5, "iva": {"aliquota": 10, "description": "10%", "id": 3}, "category": "DRINK", "quantity": 2}]',0,2,'2024-09-12 13:00:04.039443',2,NULL,'FACSIMILE160479',0,0.0,0.0,''),
 (297,13,NULL,'[{"id": 20, "title": "PIZZA MARGHERITA", "price": 6, "iva": {"aliquota": 10, "description": "10%", "id": 3}, "category": "PRIMI", "quantity": 2}, {"id": 19, "title": "Drink 1", "price": 5, "iva": {"aliquota": 10, "description": "10%", "id": 3}, "category": "DRINK", "quantity": 1}]',0,2,'2024-09-12 13:01:35.146386',2,NULL,'FACSIMILE032580',0,NULL,NULL,NULL),
 (298,12,'','[{"id": 19, "title": "Drink 1", "price": 5, "iva": {"aliquota": 10, "description": "10%", "id": 3}, "category": "DRINK", "quantity": 2}]',0,2,'2024-09-12 13:03:29.267701',2,NULL,'FACSIMILE120087',0,0.0,0.0,''),
 (300,0,'','[{"id": 19, "title": "Drink 1", "price": 5, "iva": {"aliquota": 10, "description": "10%", "id": 3}, "category": "DRINK", "quantity": 2}]',0,2,'2024-09-12 18:18:05.216896',2,'c3cb511de7b4e416172d26456e3613613ee9362b','FACSIMILE136648',0,0.90909090909091,10.0,'PAGAMENTO ELETTRONICO'),
 (301,0,'','[{"id": 19, "title": "Drink 1", "price": 5, "iva": {"aliquota": 10, "description": "10%", "id": 3}, "category": "DRINK", "quantity": 2}]',0,2,'2024-09-12 18:22:06.335748',2,'9fd82346b346a24ce5857caea846ec0c689bf2f4','FACSIMILE274470',0,0.90909090909091,10.0,'PAGAMENTO ELETTRONICO'),
 (302,0,'','[{"id": 19, "title": "Drink 1", "price": 5, "iva": {"aliquota": 10, "description": "10%", "id": 3}, "category": "DRINK", "quantity": 2}]',0,2,'2024-09-12 18:22:25.873396',2,'a97851f6911f8a7b270d06a7790041e24face0e5','FACSIMILE550431',0,0.90909090909091,10.0,'PAGAMENTO ELETTRONICO'),
 (303,0,'','[{"id": 19, "title": "Drink 1", "price": 5, "iva": {"aliquota": 10, "description": "10%", "id": 3}, "category": "DRINK", "quantity": 3}]',0,2,'2024-09-12 18:26:25.537021',2,'2851eecb1195868fae2892ca5400fd497f768146','FACSIMILE912073',0,1.36363636363637,15.0,'PAGAMENTO ELETTRONICO'),
 (304,0,'','[{"id": 19, "title": "Drink 1", "price": 5, "iva": {"aliquota": 10, "description": "10%", "id": 3}, "category": "DRINK", "quantity": 2}]',0,2,'2024-09-12 18:29:02.140991',2,'f179d1bc9d28c8fa0417f5be925ab4af17f75bb4','FACSIMILE036336',0,0.90909090909091,10.0,'PAGAMENTO ELETTRONICO'),
 (305,0,'','[{"id": 19, "title": "Drink 1", "price": 5, "iva": {"aliquota": 10, "description": "10%", "id": 3}, "category": "DRINK", "quantity": 2}]',0,2,'2024-09-12 18:31:24.441217',2,'e2b93dd1b240f2b5c7bc92a49869a47b6530ae87','FACSIMILE546280',0,0.90909090909091,10.0,'PAGAMENTO ELETTRONICO'),
 (306,0,'','[{"id": 19, "title": "Drink 1", "price": 5, "iva": {"aliquota": 10, "description": "10%", "id": 3}, "category": "DRINK", "quantity": 2}]',0,2,'2024-09-12 18:34:24.983419',2,'ba45315225e5c5fb6b21b5baa81e50f928009913','FACSIMILE759764',0,0.90909090909091,10.0,'PAGAMENTO ELETTRONICO'),
 (309,0,'','[]',0,0,'2024-09-17 18:22:28.844610',2,NULL,'',0,0.0,0.0,'');
INSERT INTO "fatture" ("id","id_azienda","inviato","Doceasy","cliente","fileId","corpo","pagamento","sezionale","numero","date","totale") VALUES (7,1,0,'10012564',1,'0FQX1',NULL,NULL,NULL,NULL,NULL,NULL),
 (8,1,0,'10012565',1,'KFZCO',NULL,NULL,NULL,NULL,NULL,NULL),
 (9,1,0,'10012563',1,'Q2NJC',NULL,NULL,NULL,NULL,NULL,NULL),
 (10,1,0,'10012566',1,'X0B5T','null',NULL,NULL,NULL,NULL,NULL),
 (11,1,0,'10012567',1,'UV6FK','null',NULL,NULL,NULL,NULL,NULL),
 (12,1,0,'10012568',1,'D44FW','null',NULL,NULL,NULL,NULL,NULL),
 (14,1,0,'10012571',1,'UUJMZ','null',NULL,NULL,NULL,NULL,NULL),
 (15,1,0,'10012572',1,'KOVTV','null',NULL,NULL,NULL,NULL,NULL),
 (16,1,0,'10012573',1,'NXLU1','null',NULL,NULL,NULL,NULL,NULL),
 (17,1,0,'10012574',1,'2KZFY','null',NULL,NULL,NULL,NULL,NULL),
 (18,1,0,'10012575',1,'PBYVX','null',NULL,NULL,NULL,NULL,NULL),
 (24,1,0,'1',1,'T14U4','[{"id": 1, "prezzo": 5, "qt": 4, "selectedArticolo": {"code": "D-3", "codiva": {"aliquota": 10, "description": "10%", "id": 1}, "label": "DRINK 3", "price": 5, "value": 3}, "selectedCodiva": {"aliquota": 10, "code": "D-3", "label": "10%", "value": 1}, "totale": "20.00"}]','{"banca": {"iban": "IT82Z0306971855100000002594", "id": 1}, "condizioni": "TP02", "label": "BONIFICO", "rate": 1, "tipo": "MP05", "value": 10}','{"label": "/E", "number": 17, "value": 2}',18,'2024-09-11',22.0),
 (42,2,0,'1',4,'OKHLA','[{"id": 1, "selectedArticolo": {"value": 19, "code": "D-4", "label": "D-4 - Drink 1", "description": "Drink 1", "codiva": {"aliquota": 10, "description": "10%", "id": 3}, "price": 5}, "description": "Drink 1", "selectedCodiva": {"value": 3, "code": "D-4", "label": "10%", "aliquota": 10}, "qt": 1, "prezzo": 5, "totale": "5.00"}, {"id": 2, "selectedArticolo": {"value": 20, "code": "PIZZA-1", "label": "PIZZA-1 - PIZZA MARGHERITA", "description": "PIZZA MARGHERITA", "codiva": {"aliquota": 10, "description": "10%", "id": 3}, "price": 6}, "selectedCodiva": {"value": 3, "code": "PIZZA-1", "label": "10%", "aliquota": 10}, "qt": 1, "prezzo": 6, "totale": "6.00", "description": "PIZZA MARGHERITA"}]','{"value": 8, "label": "CONTANTI", "tipo": "MP01", "rate": 1, "banca": {"iban": "", "id": 0}, "condizioni": "TP02"}','[]','','2024-09-12',12.1),
 (43,2,0,'1',4,'0J7UL','[{"id": 1, "selectedArticolo": {"value": 20, "code": "PIZZA-1", "label": "PIZZA-1 - PIZZA MARGHERITA", "description": "PIZZA MARGHERITA", "codiva": {"aliquota": 10, "description": "10%", "id": 3}, "price": 6}, "description": "PIZZA MARGHERITA", "selectedCodiva": {"value": 3, "code": "PIZZA-1", "label": "10%", "aliquota": 10}, "qt": 1, "prezzo": 6, "totale": "6.00"}]','{"value": 8, "label": "CONTANTI", "tipo": "MP01", "rate": 1, "banca": {"iban": "", "id": 0}, "condizioni": "TP02"}','{"value": 4, "label": "2024", "number": 0}',1,'2024-09-12',6.6);
INSERT INTO "ingredienti" ("id","description","id_azienda") VALUES (1,'aglione',1),
 (2,'pomodoro',1),
 (3,'aglio',1),
 (4,'cipolla',1),
 (5,'formaggio',1),
 (6,'salsiccia',1),
 (7,'affettati',2),
 (8,'formaggio',2),
 (9,'Tonno',2),
 (10,'Pomodoro',2),
 (11,'Carote',2),
 (12,'Cetrioli',2),
 (13,'Mozzarella',2),
 (14,'Uovo',2),
 (15,'Bresaola',2),
 (16,'Rucola',2),
 (17,'Mozzarella di Bufala',2),
 (18,'Parmigiano Reggiano',2),
 (19,'Burrata',2);
INSERT INTO "giacenze" ("id","id_azienda","id_articolo","giacenza") VALUES (1,1,1,100.0),
 (2,1,2,0.0),
 (3,1,3,25.0),
 (4,1,4,15.0),
 (5,1,5,45.0),
 (6,1,6,15.0),
 (7,1,7,1.0),
 (8,1,8,1.0),
 (9,1,9,1.0),
 (10,1,10,1.0),
 (11,1,11,1.0),
 (12,1,12,1.0),
 (13,1,13,1.0),
 (14,1,14,1.0),
 (15,1,15,1.0),
 (16,1,16,1.0),
 (17,1,17,1.0),
 (18,1,18,0.0),
 (19,1,21,0.0),
 (20,1,22,0.0),
 (21,2,23,0.0),
 (22,2,24,0.0),
 (23,2,25,0.0),
 (24,2,26,0.0),
 (25,2,27,0.0),
 (26,2,28,0.0),
 (27,2,29,0.0),
 (28,2,30,0.0),
 (29,2,31,0.0),
 (30,2,32,0.0),
 (31,2,33,0.0),
 (32,2,34,0.0),
 (33,2,35,0.0),
 (34,2,36,0.0),
 (35,2,37,0.0),
 (36,2,38,0.0),
 (37,2,39,0.0),
 (38,2,40,0.0);
INSERT INTO "categories" ("id","description","reparto","id_azienda","descrizione_agg") VALUES (1,'Drink',2,1,NULL),
 (2,'Primi',1,1,NULL),
 (3,'Secondi',1,1,NULL),
 (4,'Dolci',1,1,NULL),
 (5,'Extra',2,1,NULL),
 (6,'APERITIVO',3,2,'Il tuo aperitivo verr servito con il tuo cocktail.'),
 (7,'TAGLIERE',3,2,'Prova i nostri taglieri'),
 (8,'PRIMI PIATTI',3,2,'Scegli il formato e il condimento!'),
 (9,'SECONDI PIATTI',3,2,'Carni di prima scelta'),
 (10,'DOLCI',3,2,'Dolci fatti in casa');
INSERT INTO "articoli" ("id","code","description","um","iva","img","category_id","prezzo","id_azienda","ingredienti","vegetariano","vegano","celiaco","menu","varianti","varianti_list") VALUES (1,'D-1','DRINK 1','1',1,'standard',1,5.0,1,NULL,0,0,0,0,0,NULL),
 (2,'D-2','DRINK 2','1',1,'standard',1,5.0,1,NULL,0,0,0,0,0,NULL),
 (3,'D-3','DRINK 3','1',1,'standard',1,5.0,1,NULL,0,0,0,0,0,NULL),
 (4,'D-4','DRINK 4','1',1,'standard',1,5.0,1,NULL,0,0,0,0,0,NULL),
 (5,'D-5','DRINK 5','1',1,'standard',1,5.0,1,NULL,0,0,0,0,0,NULL),
 (6,'P-1','PICI AGLIONE','1',1,'standard',2,8.0,1,'[{"value": "1", "label": "aglione"}, {"value": "2", "label": "pomodoro"}]',NULL,1,0,0,0,NULL),
 (7,'P-2','PRIMO 2','1',1,'standard',2,8.0,1,NULL,0,0,0,0,0,NULL),
 (8,'P-3','PRIMO 3','1',1,'standard',2,8.0,1,NULL,0,0,0,0,0,NULL),
 (9,'P-4','PRIMO 4','1',1,'standard',2,8.0,1,NULL,0,0,0,0,0,NULL),
 (10,'P-5','PRIMO 5','1',1,'standard',2,8.0,1,NULL,0,0,0,0,0,NULL),
 (11,'S-1','SECONDO 1','1',1,'standard',3,10.0,1,NULL,0,0,0,0,0,NULL),
 (12,'S-2','SECONDO 2','1',1,'standard',3,10.0,1,NULL,0,0,0,0,0,NULL),
 (13,'S-3','SECONDO 3','1',1,'standard',3,10.0,1,NULL,0,0,0,0,0,NULL),
 (14,'S-4','SECONDO 4','1',1,'standard',3,10.0,1,NULL,0,0,0,0,0,NULL),
 (15,'S-5','SECONDO 5','1',1,'standard',3,10.0,1,NULL,0,0,0,0,0,NULL),
 (16,'DE-1','DESSERT 1','1',1,'standard',4,4.0,1,NULL,0,0,0,0,0,NULL),
 (17,'C-1','CAFFE''','1',1,'standard',5,1.0,1,NULL,0,0,0,0,0,NULL),
 (18,'E-2','AMARO','1',2,'standard',5,4.0,1,NULL,0,0,0,0,0,NULL),
 (21,'P-6','PICI CACIO E PEPE','1',1,'standard',2,8.0,1,'[{"value": "5", "label": "formaggio"}]',1,0,0,0,0,NULL),
 (22,'P-7','PICI NERANO','1',1,'standard',2,8.0,1,'[{"value": "5", "label": "formaggio"}]',1,0,0,0,0,NULL),
 (23,'A-1','APERITIVO ','2',3,'standard',6,3.0,2,'[]',0,0,0,0,0,NULL),
 (24,'A-2','APERITIVO VEGETARIANO','2',3,'standard',6,3.0,2,'[]',1,0,0,0,0,NULL),
 (25,'A-3','APERITIVO VEGANO','2',3,'standard',6,3.0,2,'[]',0,1,0,0,0,NULL),
 (26,'A-4','APERITIVO DOPPIO','2',3,'standard',6,5.0,2,'[]',0,0,0,0,0,NULL),
 (27,'T-1','TAGLIERE TOSCANO','2',3,'standard',7,12.0,2,'[{"value": "7", "label": "affettati"}, {"value": "8", "label": "formaggio"}]',0,0,0,0,0,NULL),
 (28,'T-2','TAGLIERE SOLO AFFETTATI','2',3,'standard',7,8.0,2,'[{"value": "7", "label": "affettati"}]',0,0,0,0,0,NULL),
 (29,'T-3','TAGLIERE SOLO FORMAGGI','2',3,'standard',7,7.0,2,'[{"value": "8", "label": "formaggio"}]',1,0,0,0,0,NULL),
 (30,'P-1','PICI ','2',3,'standard',8,9.0,2,'[]',0,0,0,NULL,1,'[{"value": "1", "label": "Rag\u00f9 rosso", "ingredienti": [{"label": "Pomodoro", "value": "10"}]}]'),
 (31,'P-2','GNOCCHI','2',3,'standard',8,7.0,2,'[]',0,0,0,0,1,'[{"value": "1", "label": "Rag\u00f9 rosso"}, {"value": "2", "label": "Rag\u00f9 bianco"}, {"value": "3", "label": "Pomodoro"}, {"value": "4", "label": "Pesto"}, {"value": "5", "label": "Aglione"}]'),
 (32,'P-3','RAVIOLI','2',3,'standard',8,8.0,2,'[]',0,0,0,0,1,'[{"value": "1", "label": "Rag\u00f9 rosso"}, {"value": "2", "label": "Rag\u00f9 bianco"}, {"value": "3", "label": "Pomodoro"}, {"value": "4", "label": "Pesto"}, {"value": "5", "label": "Aglione"}]'),
 (33,'P-4','PASTA CORTA','2',3,'standard',8,7.0,2,'[]',0,0,0,0,1,'[{"value": "1", "label": "Rag\u00f9 rosso"}, {"value": "2", "label": "Rag\u00f9 bianco"}, {"value": "3", "label": "Pomodoro"}, {"value": "4", "label": "Pesto"}, {"value": "5", "label": "Aglione"}]'),
 (34,'P-5','MEZZA PORZIONE','2',3,'standard',8,5.0,2,'[]',0,0,0,0,0,NULL),
 (35,'S-1','TARTARE DI CARNE ','2',3,'standard',9,12.0,2,'[]',0,0,0,0,0,NULL),
 (36,'S-2','TARTARE DI CARNE FANTASIA ','2',3,'standard',9,15.0,2,'[{"label": "Tonno", "value": "9"}, {"label": "Pomodoro", "value": "10"}, {"label": "Carote", "value": "11"}, {"label": "Cetrioli", "value": "12"}, {"label": "Mozzarella", "value": "13"}, {"label": "Uovo", "value": "14"}, {"value": "19", "label": "Burrata"}]',0,0,0,0,0,NULL),
 (37,'S-3','CAPRESE','2',3,'standard',9,6.0,2,'[{"value": "10", "label": "Pomodoro"}, {"value": "13", "label": "Mozzarella"}]',1,0,0,0,0,NULL),
 (38,'S-4','BRESAOLA RUCOLA E BUFALA','2',3,'standard',9,10.0,2,'[{"value": "15", "label": "Bresaola"}, {"value": "16", "label": "Rucola"}, {"value": "17", "label": "Mozzarella di Bufala"}]',0,0,0,0,0,NULL),
 (39,'S-4','BRESAOLA RUCOLA E SCAGLIE DI PARMIGIANO','2',3,'standard',9,10.0,2,'[{"label": "Bresaola", "value": "15"}, {"label": "Rucola", "value": "16"}, {"value": "18", "label": "Parmigiano Reggiano"}]',0,0,0,0,0,NULL),
 (40,'D-1','DOLCE DEL GIORNO','2',3,'standard',10,5.0,2,'[]',0,0,0,0,0,NULL);
INSERT INTO "varianti" ("id","code","description","id_azienda","ingredienti") VALUES (1,'RR','Rag rosso',2,'[{"value": "10", "label": "Pomodoro"}]'),
 (2,'RB','Rag bianco',2,NULL),
 (3,'POM','Pomodoro',2,NULL),
 (4,'PEST','Pesto',2,NULL),
 (5,'AGL','Aglione',2,NULL);
COMMIT;
